"Date","Time (GMT)","Predicted (ft)","Preliminary (ft)","Verified (ft)"
"2024/01/01","00:00","1.131","-","1.8"
"2024/01/01","00:06","1.024","-","1.69"
"2024/01/01","00:12","0.927","-","1.58"
"2024/01/01","00:18","0.839","-","1.52"
"2024/01/01","00:24","0.762","-","1.43"
"2024/01/01","00:30","0.694","-","1.36"
"2024/01/01","00:36","0.637","-","1.32"
"2024/01/01","00:42","0.589","-","1.29"
"2024/01/01","00:48","0.551","-","1.25"
"2024/01/01","00:54","0.524","-","1.25"
"2024/01/01","01:00","0.506","-","1.23"
"2024/01/01","01:06","0.497","-","1.2"
"2024/01/01","01:12","0.498","-","1.19"
"2024/01/01","01:18","0.509","-","1.2"
"2024/01/01","01:24","0.529","-","1.19"
"2024/01/01","01:30","0.558","-","1.21"
"2024/01/01","01:36","0.596","-","1.21"
"2024/01/01","01:42","0.643","-","1.27"
"2024/01/01","01:48","0.699","-","1.3"
"2024/01/01","01:54","0.764","-","1.36"
"2024/01/01","02:00","0.838","-","1.41"
"2024/01/01","02:06","0.92","-","1.48"
"2024/01/01","02:12","1.011","-","1.58"
"2024/01/01","02:18","1.11","-","1.66"
"2024/01/01","02:24","1.217","-","1.79"
"2024/01/01","02:30","1.333","-","1.91"
"2024/01/01","02:36","1.457","-","2.05"
"2024/01/01","02:42","1.588","-","2.16"
"2024/01/01","02:48","1.728","-","2.31"
"2024/01/01","02:54","1.875","-","2.47"
"2024/01/01","03:00","2.03","-","2.64"
"2024/01/01","03:06","2.191","-","2.8"
"2024/01/01","03:12","2.359","-","2.95"
"2024/01/01","03:18","2.534","-","3.16"
"2024/01/01","03:24","2.714","-","3.32"
"2024/01/01","03:30","2.9","-","3.51"
"2024/01/01","03:36","3.09","-","3.7"
"2024/01/01","03:42","3.286","-","3.92"
"2024/01/01","03:48","3.484","-","4.12"
"2024/01/01","03:54","3.686","-","4.33"
"2024/01/01","04:00","3.89","-","4.56"
"2024/01/01","04:06","4.096","-","4.76"
"2024/01/01","04:12","4.303","-","4.95"
"2024/01/01","04:18","4.51","-","5.17"
"2024/01/01","04:24","4.717","-","5.38"
"2024/01/01","04:30","4.923","-","5.57"
"2024/01/01","04:36","5.126","-","5.76"
"2024/01/01","04:42","5.327","-","5.95"
"2024/01/01","04:48","5.525","-","6.14"
"2024/01/01","04:54","5.719","-","6.33"
"2024/01/01","05:00","5.908","-","6.54"
"2024/01/01","05:06","6.093","-","6.74"
"2024/01/01","05:12","6.272","-","6.91"
"2024/01/01","05:18","6.444","-","7.11"
"2024/01/01","05:24","6.611","-","7.29"
"2024/01/01","05:30","6.771","-","7.45"
"2024/01/01","05:36","6.923","-","7.61"
"2024/01/01","05:42","7.068","-","7.77"
"2024/01/01","05:48","7.206","-","7.91"
"2024/01/01","05:54","7.336","-","8.04"
"2024/01/01","06:00","7.458","-","8.19"
"2024/01/01","06:06","7.572","-","8.3"
"2024/01/01","06:12","7.678","-","8.4"
"2024/01/01","06:18","7.776","-","8.48"
"2024/01/01","06:24","7.866","-","8.6"
"2024/01/01","06:30","7.947","-","8.67"
"2024/01/01","06:36","8.02","-","8.77"
"2024/01/01","06:42","8.085","-","8.83"
"2024/01/01","06:48","8.142","-","8.87"
"2024/01/01","06:54","8.19","-","8.92"
"2024/01/01","07:00","8.23","-","8.97"
"2024/01/01","07:06","8.261","-","9"
"2024/01/01","07:12","8.284","-","8.99"
"2024/01/01","07:18","8.299","-","8.98"
"2024/01/01","07:24","8.305","-","8.98"
"2024/01/01","07:30","8.303","-","8.96"
"2024/01/01","07:36","8.292","-","8.95"
"2024/01/01","07:42","8.272","-","8.92"
"2024/01/01","07:48","8.244","-","8.91"
"2024/01/01","07:54","8.207","-","8.85"
"2024/01/01","08:00","8.161","-","8.79"
"2024/01/01","08:06","8.106","-","8.77"
"2024/01/01","08:12","8.043","-","8.73"
"2024/01/01","08:18","7.971","-","8.66"
"2024/01/01","08:24","7.891","-","8.59"
"2024/01/01","08:30","7.802","-","8.5"
"2024/01/01","08:36","7.705","-","8.4"
"2024/01/01","08:42","7.6","-","8.3"
"2024/01/01","08:48","7.487","-","8.22"
"2024/01/01","08:54","7.366","-","8.12"
"2024/01/01","09:00","7.238","-","7.98"
"2024/01/01","09:06","7.102","-","7.85"
"2024/01/01","09:12","6.96","-","7.71"
"2024/01/01","09:18","6.812","-","7.56"
"2024/01/01","09:24","6.657","-","7.42"
"2024/01/01","09:30","6.498","-","7.24"
"2024/01/01","09:36","6.332","-","7.06"
"2024/01/01","09:42","6.163","-","6.86"
"2024/01/01","09:48","5.989","-","6.65"
"2024/01/01","09:54","5.812","-","6.46"
"2024/01/01","10:00","5.632","-","6.27"
"2024/01/01","10:06","5.449","-","6.07"
"2024/01/01","10:12","5.264","-","5.85"
"2024/01/01","10:18","5.078","-","5.63"
"2024/01/01","10:24","4.891","-","5.43"
"2024/01/01","10:30","4.704","-","5.22"
"2024/01/01","10:36","4.518","-","5.02"
"2024/01/01","10:42","4.332","-","4.82"
"2024/01/01","10:48","4.148","-","4.62"
"2024/01/01","10:54","3.967","-","4.44"
"2024/01/01","11:00","3.788","-","4.23"
"2024/01/01","11:06","3.613","-","4.06"
"2024/01/01","11:12","3.442","-","3.88"
"2024/01/01","11:18","3.275","-","3.72"
"2024/01/01","11:24","3.114","-","3.55"
"2024/01/01","11:30","2.958","-","3.38"
"2024/01/01","11:36","2.808","-","3.23"
"2024/01/01","11:42","2.665","-","3.07"
"2024/01/01","11:48","2.529","-","2.94"
"2024/01/01","11:54","2.4","-","2.8"
"2024/01/01","12:00","2.279","-","2.67"
"2024/01/01","12:06","2.167","-","2.56"
"2024/01/01","12:12","2.062","-","2.44"
"2024/01/01","12:18","1.967","-","2.33"
"2024/01/01","12:24","1.88","-","2.23"
"2024/01/01","12:30","1.802","-","2.15"
"2024/01/01","12:36","1.734","-","2.1"
"2024/01/01","12:42","1.675","-","2.02"
"2024/01/01","12:48","1.624","-","1.97"
"2024/01/01","12:54","1.584","-","1.92"
"2024/01/01","13:00","1.552","-","1.87"
"2024/01/01","13:06","1.53","-","1.82"
"2024/01/01","13:12","1.516","-","1.8"
"2024/01/01","13:18","1.512","-","1.78"
"2024/01/01","13:24","1.517","-","1.78"
"2024/01/01","13:30","1.53","-","1.79"
"2024/01/01","13:36","1.552","-","1.81"
"2024/01/01","13:42","1.583","-","1.85"
"2024/01/01","13:48","1.622","-","1.88"
"2024/01/01","13:54","1.669","-","1.95"
"2024/01/01","14:00","1.724","-","2.02"
"2024/01/01","14:06","1.787","-","2.08"
"2024/01/01","14:12","1.858","-","2.15"
"2024/01/01","14:18","1.937","-","2.24"
"2024/01/01","14:24","2.024","-","2.33"
"2024/01/01","14:30","2.118","-","2.43"
"2024/01/01","14:36","2.22","-","2.53"
"2024/01/01","14:42","2.329","-","2.65"
"2024/01/01","14:48","2.446","-","2.77"
"2024/01/01","14:54","2.569","-","2.88"
"2024/01/01","15:00","2.7","-","3"
"2024/01/01","15:06","2.838","-","3.15"
"2024/01/01","15:12","2.982","-","3.28"
"2024/01/01","15:18","3.133","-","3.44"
"2024/01/01","15:24","3.29","-","3.61"
"2024/01/01","15:30","3.453","-","3.78"
"2024/01/01","15:36","3.622","-","3.96"
"2024/01/01","15:42","3.795","-","4.13"
"2024/01/01","15:48","3.974","-","4.31"
"2024/01/01","15:54","4.157","-","4.51"
"2024/01/01","16:00","4.344","-","4.69"
"2024/01/01","16:06","4.534","-","4.89"
"2024/01/01","16:12","4.726","-","5.13"
"2024/01/01","16:18","4.921","-","5.35"
"2024/01/01","16:24","5.117","-","5.58"
"2024/01/01","16:30","5.314","-","5.79"
"2024/01/01","16:36","5.51","-","6"
"2024/01/01","16:42","5.706","-","6.21"
"2024/01/01","16:48","5.9","-","6.43"
"2024/01/01","16:54","6.092","-","6.65"
"2024/01/01","17:00","6.281","-","6.87"
"2024/01/01","17:06","6.466","-","7.07"
"2024/01/01","17:12","6.647","-","7.27"
"2024/01/01","17:18","6.823","-","7.44"
"2024/01/01","17:24","6.994","-","7.63"
"2024/01/01","17:30","7.159","-","7.79"
"2024/01/01","17:36","7.318","-","7.98"
"2024/01/01","17:42","7.469","-","8.13"
"2024/01/01","17:48","7.613","-","8.29"
"2024/01/01","17:54","7.75","-","8.41"
"2024/01/01","18:00","7.879","-","8.56"
"2024/01/01","18:06","8","-","8.68"
"2024/01/01","18:12","8.113","-","8.79"
"2024/01/01","18:18","8.218","-","8.89"
"2024/01/01","18:24","8.314","-","8.99"
"2024/01/01","18:30","8.401","-","9.08"
"2024/01/01","18:36","8.48","-","9.15"
"2024/01/01","18:42","8.551","-","9.22"
"2024/01/01","18:48","8.613","-","9.29"
"2024/01/01","18:54","8.666","-","9.37"
"2024/01/01","19:00","8.711","-","9.4"
"2024/01/01","19:06","8.748","-","9.46"
"2024/01/01","19:12","8.776","-","9.51"
"2024/01/01","19:18","8.795","-","9.52"
"2024/01/01","19:24","8.806","-","9.53"
"2024/01/01","19:30","8.809","-","9.53"
"2024/01/01","19:36","8.803","-","9.54"
"2024/01/01","19:42","8.788","-","9.51"
"2024/01/01","19:48","8.765","-","9.46"
"2024/01/01","19:54","8.734","-","9.44"
"2024/01/01","20:00","8.694","-","9.39"
"2024/01/01","20:06","8.645","-","9.34"
"2024/01/01","20:12","8.588","-","9.28"
"2024/01/01","20:18","8.522","-","9.2"
"2024/01/01","20:24","8.448","-","9.13"
"2024/01/01","20:30","8.365","-","9.06"
"2024/01/01","20:36","8.273","-","8.98"
"2024/01/01","20:42","8.174","-","8.9"
"2024/01/01","20:48","8.065","-","8.8"
"2024/01/01","20:54","7.949","-","8.69"
"2024/01/01","21:00","7.824","-","8.58"
"2024/01/01","21:06","7.692","-","8.47"
"2024/01/01","21:12","7.551","-","8.32"
"2024/01/01","21:18","7.404","-","8.2"
"2024/01/01","21:24","7.249","-","8.06"
"2024/01/01","21:30","7.088","-","7.89"
"2024/01/01","21:36","6.92","-","7.71"
"2024/01/01","21:42","6.746","-","7.55"
"2024/01/01","21:48","6.567","-","7.4"
"2024/01/01","21:54","6.382","-","7.21"
"2024/01/01","22:00","6.193","-","7.01"
"2024/01/01","22:06","5.999","-","6.81"
"2024/01/01","22:12","5.802","-","6.59"
"2024/01/01","22:18","5.602","-","6.39"
"2024/01/01","22:24","5.4","-","6.18"
"2024/01/01","22:30","5.195","-","5.94"
"2024/01/01","22:36","4.989","-","5.73"
"2024/01/01","22:42","4.782","-","5.51"
"2024/01/01","22:48","4.575","-","5.29"
"2024/01/01","22:54","4.368","-","5.08"
"2024/01/01","23:00","4.162","-","4.86"
"2024/01/01","23:06","3.958","-","4.65"
"2024/01/01","23:12","3.756","-","4.45"
"2024/01/01","23:18","3.557","-","4.24"
"2024/01/01","23:24","3.361","-","4.1"
"2024/01/01","23:30","3.17","-","3.89"
"2024/01/01","23:36","2.982","-","3.7"
"2024/01/01","23:42","2.8","-","3.52"
"2024/01/01","23:48","2.623","-","3.34"
"2024/01/01","23:54","2.452","-","3.18"
"2024/01/02","00:00","2.288","-","3.02"
"2024/01/02","00:06","2.131","-","2.87"
"2024/01/02","00:12","1.981","-","2.72"
"2024/01/02","00:18","1.839","-","2.59"
"2024/01/02","00:24","1.704","-","2.45"
"2024/01/02","00:30","1.579","-","2.32"
"2024/01/02","00:36","1.462","-","2.2"
"2024/01/02","00:42","1.354","-","2.08"
"2024/01/02","00:48","1.254","-","1.97"
"2024/01/02","00:54","1.165","-","1.89"
"2024/01/02","01:00","1.084","-","1.81"
"2024/01/02","01:06","1.013","-","1.74"
"2024/01/02","01:12","0.951","-","1.68"
"2024/01/02","01:18","0.899","-","1.65"
"2024/01/02","01:24","0.856","-","1.61"
"2024/01/02","01:30","0.822","-","1.55"
"2024/01/02","01:36","0.798","-","1.53"
"2024/01/02","01:42","0.783","-","1.51"
"2024/01/02","01:48","0.777","-","1.49"
"2024/01/02","01:54","0.78","-","1.48"
"2024/01/02","02:00","0.792","-","1.5"
"2024/01/02","02:06","0.813","-","1.52"
"2024/01/02","02:12","0.842","-","1.55"
"2024/01/02","02:18","0.88","-","1.58"
"2024/01/02","02:24","0.926","-","1.62"
"2024/01/02","02:30","0.98","-","1.68"
"2024/01/02","02:36","1.043","-","1.73"
"2024/01/02","02:42","1.114","-","1.81"
"2024/01/02","02:48","1.193","-","1.89"
"2024/01/02","02:54","1.279","-","1.98"
"2024/01/02","03:00","1.374","-","2.06"
"2024/01/02","03:06","1.476","-","2.17"
"2024/01/02","03:12","1.586","-","2.31"
"2024/01/02","03:18","1.704","-","2.42"
"2024/01/02","03:24","1.829","-","2.52"
"2024/01/02","03:30","1.961","-","2.67"
"2024/01/02","03:36","2.101","-","2.8"
"2024/01/02","03:42","2.247","-","2.97"
"2024/01/02","03:48","2.4","-","3.12"
"2024/01/02","03:54","2.56","-","3.28"
"2024/01/02","04:00","2.725","-","3.45"
"2024/01/02","04:06","2.896","-","3.62"
"2024/01/02","04:12","3.073","-","3.82"
"2024/01/02","04:18","3.254","-","4.03"
"2024/01/02","04:24","3.439","-","4.23"
"2024/01/02","04:30","3.629","-","4.43"
"2024/01/02","04:36","3.821","-","4.63"
"2024/01/02","04:42","4.016","-","4.84"
"2024/01/02","04:48","4.212","-","5.04"
"2024/01/02","04:54","4.41","-","5.25"
"2024/01/02","05:00","4.608","-","5.44"
"2024/01/02","05:06","4.806","-","5.65"
"2024/01/02","05:12","5.003","-","5.86"
"2024/01/02","05:18","5.199","-","6.05"
"2024/01/02","05:24","5.392","-","6.23"
"2024/01/02","05:30","5.582","-","6.42"
"2024/01/02","05:36","5.769","-","6.62"
"2024/01/02","05:42","5.951","-","6.81"
"2024/01/02","05:48","6.128","-","7.01"
"2024/01/02","05:54","6.301","-","7.19"
"2024/01/02","06:00","6.467","-","7.36"
"2024/01/02","06:06","6.627","-","7.54"
"2024/01/02","06:12","6.781","-","7.69"
"2024/01/02","06:18","6.928","-","7.84"
"2024/01/02","06:24","7.068","-","7.98"
"2024/01/02","06:30","7.201","-","8.12"
"2024/01/02","06:36","7.326","-","8.24"
"2024/01/02","06:42","7.443","-","8.38"
"2024/01/02","06:48","7.553","-","8.49"
"2024/01/02","06:54","7.655","-","8.59"
"2024/01/02","07:00","7.749","-","8.69"
"2024/01/02","07:06","7.836","-","8.8"
"2024/01/02","07:12","7.914","-","8.89"
"2024/01/02","07:18","7.985","-","8.99"
"2024/01/02","07:24","8.048","-","9.05"
"2024/01/02","07:30","8.103","-","9.12"
"2024/01/02","07:36","8.15","-","9.18"
"2024/01/02","07:42","8.19","-","9.24"
"2024/01/02","07:48","8.221","-","9.28"
"2024/01/02","07:54","8.245","-","9.3"
"2024/01/02","08:00","8.26","-","9.31"
"2024/01/02","08:06","8.268","-","9.3"
"2024/01/02","08:12","8.267","-","9.29"
"2024/01/02","08:18","8.259","-","9.29"
"2024/01/02","08:24","8.242","-","9.26"
"2024/01/02","08:30","8.217","-","9.23"
"2024/01/02","08:36","8.184","-","9.21"
"2024/01/02","08:42","8.143","-","9.15"
"2024/01/02","08:48","8.093","-","9.11"
"2024/01/02","08:54","8.035","-","9.05"
"2024/01/02","09:00","7.968","-","9"
"2024/01/02","09:06","7.894","-","8.92"
"2024/01/02","09:12","7.811","-","8.82"
"2024/01/02","09:18","7.72","-","8.72"
"2024/01/02","09:24","7.622","-","8.6"
"2024/01/02","09:30","7.515","-","8.47"
"2024/01/02","09:36","7.401","-","8.35"
"2024/01/02","09:42","7.28","-","8.23"
"2024/01/02","09:48","7.151","-","8.06"
"2024/01/02","09:54","7.016","-","7.9"
"2024/01/02","10:00","6.875","-","7.74"
"2024/01/02","10:06","6.728","-","7.58"
"2024/01/02","10:12","6.575","-","7.42"
"2024/01/02","10:18","6.417","-","7.27"
"2024/01/02","10:24","6.254","-","7.1"
"2024/01/02","10:30","6.087","-","6.92"
"2024/01/02","10:36","5.917","-","6.73"
"2024/01/02","10:42","5.744","-","6.55"
"2024/01/02","10:48","5.568","-","6.36"
"2024/01/02","10:54","5.39","-","6.15"
"2024/01/02","11:00","5.21","-","5.95"
"2024/01/02","11:06","5.03","-","5.73"
"2024/01/02","11:12","4.849","-","5.54"
"2024/01/02","11:18","4.669","-","5.34"
"2024/01/02","11:24","4.489","-","5.13"
"2024/01/02","11:30","4.311","-","4.92"
"2024/01/02","11:36","4.135","-","4.74"
"2024/01/02","11:42","3.961","-","4.56"
"2024/01/02","11:48","3.791","-","4.38"
"2024/01/02","11:54","3.624","-","4.18"
"2024/01/02","12:00","3.461","-","4.03"
"2024/01/02","12:06","3.303","-","3.86"
"2024/01/02","12:12","3.15","-","3.69"
"2024/01/02","12:18","3.003","-","3.52"
"2024/01/02","12:24","2.861","-","3.38"
"2024/01/02","12:30","2.726","-","3.24"
"2024/01/02","12:36","2.598","-","3.08"
"2024/01/02","12:42","2.477","-","2.96"
"2024/01/02","12:48","2.364","-","2.84"
"2024/01/02","12:54","2.258","-","2.75"
"2024/01/02","13:00","2.16","-","2.64"
"2024/01/02","13:06","2.07","-","2.56"
"2024/01/02","13:12","1.989","-","2.48"
"2024/01/02","13:18","1.916","-","2.39"
"2024/01/02","13:24","1.852","-","2.35"
"2024/01/02","13:30","1.797","-","2.32"
"2024/01/02","13:36","1.75","-","2.29"
"2024/01/02","13:42","1.712","-","2.22"
"2024/01/02","13:48","1.683","-","2.19"
"2024/01/02","13:54","1.662","-","2.18"
"2024/01/02","14:00","1.65","-","2.17"
"2024/01/02","14:06","1.646","-","2.17"
"2024/01/02","14:12","1.651","-","2.15"
"2024/01/02","14:18","1.663","-","2.16"
"2024/01/02","14:24","1.684","-","2.18"
"2024/01/02","14:30","1.713","-","2.19"
"2024/01/02","14:36","1.75","-","2.21"
"2024/01/02","14:42","1.794","-","2.25"
"2024/01/02","14:48","1.846","-","2.28"
"2024/01/02","14:54","1.906","-","2.34"
"2024/01/02","15:00","1.973","-","2.4"
"2024/01/02","15:06","2.048","-","2.46"
"2024/01/02","15:12","2.129","-","2.55"
"2024/01/02","15:18","2.218","-","2.61"
"2024/01/02","15:24","2.313","-","2.72"
"2024/01/02","15:30","2.416","-","2.82"
"2024/01/02","15:36","2.525","-","2.9"
"2024/01/02","15:42","2.642","-","3.04"
"2024/01/02","15:48","2.764","-","3.15"
"2024/01/02","15:54","2.893","-","3.25"
"2024/01/02","16:00","3.029","-","3.39"
"2024/01/02","16:06","3.17","-","3.54"
"2024/01/02","16:12","3.317","-","3.69"
"2024/01/02","16:18","3.47","-","3.89"
"2024/01/02","16:24","3.628","-","4.03"
"2024/01/02","16:30","3.79","-","4.22"
"2024/01/02","16:36","3.957","-","4.41"
"2024/01/02","16:42","4.128","-","4.59"
"2024/01/02","16:48","4.302","-","4.79"
"2024/01/02","16:54","4.48","-","5"
"2024/01/02","17:00","4.659","-","5.21"
"2024/01/02","17:06","4.84","-","5.43"
"2024/01/02","17:12","5.023","-","5.66"
"2024/01/02","17:18","5.205","-","5.86"
"2024/01/02","17:24","5.388","-","6.05"
"2024/01/02","17:30","5.57","-","6.25"
"2024/01/02","17:36","5.75","-","6.43"
"2024/01/02","17:42","5.927","-","6.66"
"2024/01/02","17:48","6.102","-","6.84"
"2024/01/02","17:54","6.274","-","7.01"
"2024/01/02","18:00","6.441","-","7.19"
"2024/01/02","18:06","6.604","-","7.36"
"2024/01/02","18:12","6.761","-","7.53"
"2024/01/02","18:18","6.913","-","7.69"
"2024/01/02","18:24","7.059","-","7.85"
"2024/01/02","18:30","7.198","-","7.97"
"2024/01/02","18:36","7.33","-","8.09"
"2024/01/02","18:42","7.456","-","8.17"
"2024/01/02","18:48","7.574","-","8.29"
"2024/01/02","18:54","7.685","-","8.37"
"2024/01/02","19:00","7.788","-","8.49"
"2024/01/02","19:06","7.883","-","8.55"
"2024/01/02","19:12","7.971","-","8.64"
"2024/01/02","19:18","8.05","-","8.68"
"2024/01/02","19:24","8.122","-","8.77"
"2024/01/02","19:30","8.186","-","8.83"
"2024/01/02","19:36","8.242","-","8.92"
"2024/01/02","19:42","8.29","-","8.99"
"2024/01/02","19:48","8.331","-","9.05"
"2024/01/02","19:54","8.363","-","9.1"
"2024/01/02","20:00","8.388","-","9.13"
"2024/01/02","20:06","8.405","-","9.17"
"2024/01/02","20:12","8.414","-","9.22"
"2024/01/02","20:18","8.415","-","9.21"
"2024/01/02","20:24","8.408","-","9.22"
"2024/01/02","20:30","8.393","-","9.22"
"2024/01/02","20:36","8.371","-","9.21"
"2024/01/02","20:42","8.34","-","9.16"
"2024/01/02","20:48","8.302","-","9.14"
"2024/01/02","20:54","8.255","-","9.1"
"2024/01/02","21:00","8.201","-","9.05"
"2024/01/02","21:06","8.138","-","8.99"
"2024/01/02","21:12","8.067","-","8.92"
"2024/01/02","21:18","7.988","-","8.84"
"2024/01/02","21:24","7.901","-","8.74"
"2024/01/02","21:30","7.806","-","8.65"
"2024/01/02","21:36","7.704","-","8.54"
"2024/01/02","21:42","7.593","-","8.41"
"2024/01/02","21:48","7.475","-","8.27"
"2024/01/02","21:54","7.349","-","8.14"
"2024/01/02","22:00","7.217","-","8.01"
"2024/01/02","22:06","7.077","-","7.9"
"2024/01/02","22:12","6.931","-","7.75"
"2024/01/02","22:18","6.779","-","7.62"
"2024/01/02","22:24","6.62","-","7.45"
"2024/01/02","22:30","6.457","-","7.3"
"2024/01/02","22:36","6.288","-","7.12"
"2024/01/02","22:42","6.114","-","6.97"
"2024/01/02","22:48","5.937","-","6.77"
"2024/01/02","22:54","5.756","-","6.62"
"2024/01/02","23:00","5.572","-","6.4"
"2024/01/02","23:06","5.385","-","6.17"
"2024/01/02","23:12","5.196","-","5.98"
"2024/01/02","23:18","5.006","-","5.78"
"2024/01/02","23:24","4.814","-","5.59"
"2024/01/02","23:30","4.623","-","5.39"
"2024/01/02","23:36","4.431","-","5.19"
"2024/01/02","23:42","4.241","-","4.99"
"2024/01/02","23:48","4.051","-","4.79"
"2024/01/02","23:54","3.864","-","4.59"
"2024/01/03","00:00","3.679","-","4.39"
"2024/01/03","00:06","3.496","-","4.2"
"2024/01/03","00:12","3.318","-","3.99"
"2024/01/03","00:18","3.143","-","3.77"
"2024/01/03","00:24","2.972","-","3.59"
"2024/01/03","00:30","2.807","-","3.43"
"2024/01/03","00:36","2.647","-","3.24"
"2024/01/03","00:42","2.493","-","3.04"
"2024/01/03","00:48","2.345","-","2.94"
"2024/01/03","00:54","2.204","-","2.8"
"2024/01/03","01:00","2.069","-","2.66"
"2024/01/03","01:06","1.942","-","2.55"
"2024/01/03","01:12","1.823","-","2.42"
"2024/01/03","01:18","1.712","-","2.3"
"2024/01/03","01:24","1.609","-","2.23"
"2024/01/03","01:30","1.515","-","2.15"
"2024/01/03","01:36","1.429","-","2.07"
"2024/01/03","01:42","1.352","-","2.03"
"2024/01/03","01:48","1.283","-","1.96"
"2024/01/03","01:54","1.224","-","1.9"
"2024/01/03","02:00","1.173","-","1.87"
"2024/01/03","02:06","1.132","-","1.8"
"2024/01/03","02:12","1.099","-","1.76"
"2024/01/03","02:18","1.076","-","1.72"
"2024/01/03","02:24","1.061","-","1.71"
"2024/01/03","02:30","1.055","-","1.71"
"2024/01/03","02:36","1.058","-","1.69"
"2024/01/03","02:42","1.069","-","1.68"
"2024/01/03","02:48","1.088","-","1.69"
"2024/01/03","02:54","1.116","-","1.7"
"2024/01/03","03:00","1.152","-","1.72"
"2024/01/03","03:06","1.197","-","1.76"
"2024/01/03","03:12","1.249","-","1.79"
"2024/01/03","03:18","1.309","-","1.86"
"2024/01/03","03:24","1.376","-","1.92"
"2024/01/03","03:30","1.451","-","2"
"2024/01/03","03:36","1.534","-","2.08"
"2024/01/03","03:42","1.624","-","2.19"
"2024/01/03","03:48","1.721","-","2.26"
"2024/01/03","03:54","1.826","-","2.4"
"2024/01/03","04:00","1.937","-","2.55"
"2024/01/03","04:06","2.056","-","2.62"
"2024/01/03","04:12","2.181","-","2.79"
"2024/01/03","04:18","2.313","-","2.96"
"2024/01/03","04:24","2.451","-","3.1"
"2024/01/03","04:30","2.595","-","3.27"
"2024/01/03","04:36","2.746","-","3.45"
"2024/01/03","04:42","2.902","-","3.61"
"2024/01/03","04:48","3.063","-","3.79"
"2024/01/03","04:54","3.229","-","3.97"
"2024/01/03","05:00","3.4","-","4.14"
"2024/01/03","05:06","3.575","-","4.34"
"2024/01/03","05:12","3.754","-","4.5"
"2024/01/03","05:18","3.936","-","4.73"
"2024/01/03","05:24","4.12","-","4.91"
"2024/01/03","05:30","4.307","-","5.11"
"2024/01/03","05:36","4.494","-","5.31"
"2024/01/03","05:42","4.683","-","5.5"
"2024/01/03","05:48","4.872","-","5.7"
"2024/01/03","05:54","5.06","-","5.89"
"2024/01/03","06:00","5.247","-","6.11"
"2024/01/03","06:06","5.432","-","6.29"
"2024/01/03","06:12","5.615","-","6.46"
"2024/01/03","06:18","5.795","-","6.63"
"2024/01/03","06:24","5.971","-","6.81"
"2024/01/03","06:30","6.143","-","6.98"
"2024/01/03","06:36","6.311","-","7.14"
"2024/01/03","06:42","6.473","-","7.35"
"2024/01/03","06:48","6.629","-","7.52"
"2024/01/03","06:54","6.78","-","7.69"
"2024/01/03","07:00","6.924","-","7.82"
"2024/01/03","07:06","7.062","-","7.97"
"2024/01/03","07:12","7.193","-","8.1"
"2024/01/03","07:18","7.317","-","8.24"
"2024/01/03","07:24","7.433","-","8.38"
"2024/01/03","07:30","7.543","-","8.53"
"2024/01/03","07:36","7.645","-","8.64"
"2024/01/03","07:42","7.739","-","8.74"
"2024/01/03","07:48","7.826","-","8.84"
"2024/01/03","07:54","7.905","-","8.93"
"2024/01/03","08:00","7.977","-","9.01"
"2024/01/03","08:06","8.041","-","9.11"
"2024/01/03","08:12","8.098","-","9.16"
"2024/01/03","08:18","8.147","-","9.21"
"2024/01/03","08:24","8.188","-","9.24"
"2024/01/03","08:30","8.222","-","9.26"
"2024/01/03","08:36","8.248","-","9.27"
"2024/01/03","08:42","8.266","-","9.29"
"2024/01/03","08:48","8.277","-","9.28"
"2024/01/03","08:54","8.28","-","9.27"
"2024/01/03","09:00","8.275","-","9.25"
"2024/01/03","09:06","8.262","-","9.25"
"2024/01/03","09:12","8.241","-","9.21"
"2024/01/03","09:18","8.212","-","9.19"
"2024/01/03","09:24","8.176","-","9.18"
"2024/01/03","09:30","8.131","-","9.15"
"2024/01/03","09:36","8.078","-","9.09"
"2024/01/03","09:42","8.017","-","9"
"2024/01/03","09:48","7.948","-","8.93"
"2024/01/03","09:54","7.871","-","8.86"
"2024/01/03","10:00","7.786","-","8.8"
"2024/01/03","10:06","7.694","-","8.7"
"2024/01/03","10:12","7.594","-","8.59"
"2024/01/03","10:18","7.486","-","8.46"
"2024/01/03","10:24","7.372","-","8.36"
"2024/01/03","10:30","7.251","-","8.25"
"2024/01/03","10:36","7.123","-","8.15"
"2024/01/03","10:42","6.988","-","8.02"
"2024/01/03","10:48","6.848","-","7.87"
"2024/01/03","10:54","6.703","-","7.7"
"2024/01/03","11:00","6.552","-","7.53"
"2024/01/03","11:06","6.396","-","7.34"
"2024/01/03","11:12","6.237","-","7.15"
"2024/01/03","11:18","6.073","-","6.93"
"2024/01/03","11:24","5.907","-","6.73"
"2024/01/03","11:30","5.737","-","6.55"
"2024/01/03","11:36","5.566","-","6.34"
"2024/01/03","11:42","5.393","-","6.15"
"2024/01/03","11:48","5.218","-","5.95"
"2024/01/03","11:54","5.043","-","5.79"
"2024/01/03","12:00","4.868","-","5.61"
"2024/01/03","12:06","4.693","-","5.44"
"2024/01/03","12:12","4.519","-","5.26"
"2024/01/03","12:18","4.346","-","5.09"
"2024/01/03","12:24","4.175","-","4.92"
"2024/01/03","12:30","4.007","-","4.77"
"2024/01/03","12:36","3.841","-","4.6"
"2024/01/03","12:42","3.679","-","4.45"
"2024/01/03","12:48","3.521","-","4.28"
"2024/01/03","12:54","3.368","-","4.14"
"2024/01/03","13:00","3.219","-","3.98"
"2024/01/03","13:06","3.075","-","3.83"
"2024/01/03","13:12","2.937","-","3.67"
"2024/01/03","13:18","2.805","-","3.54"
"2024/01/03","13:24","2.679","-","3.42"
"2024/01/03","13:30","2.56","-","3.31"
"2024/01/03","13:36","2.448","-","3.2"
"2024/01/03","13:42","2.343","-","3.09"
"2024/01/03","13:48","2.246","-","2.99"
"2024/01/03","13:54","2.156","-","2.91"
"2024/01/03","14:00","2.075","-","2.82"
"2024/01/03","14:06","2.002","-","2.75"
"2024/01/03","14:12","1.936","-","2.69"
"2024/01/03","14:18","1.88","-","2.62"
"2024/01/03","14:24","1.831","-","2.56"
"2024/01/03","14:30","1.791","-","2.5"
"2024/01/03","14:36","1.759","-","2.45"
"2024/01/03","14:42","1.736","-","2.43"
"2024/01/03","14:48","1.721","-","2.4"
"2024/01/03","14:54","1.714","-","2.4"
"2024/01/03","15:00","1.715","-","2.41"
"2024/01/03","15:06","1.724","-","2.41"
"2024/01/03","15:12","1.741","-","2.42"
"2024/01/03","15:18","1.765","-","2.46"
"2024/01/03","15:24","1.797","-","2.47"
"2024/01/03","15:30","1.837","-","2.52"
"2024/01/03","15:36","1.884","-","2.58"
"2024/01/03","15:42","1.938","-","2.64"
"2024/01/03","15:48","1.999","-","2.71"
"2024/01/03","15:54","2.067","-","2.77"
"2024/01/03","16:00","2.142","-","2.85"
"2024/01/03","16:06","2.224","-","2.94"
"2024/01/03","16:12","2.312","-","3.02"
"2024/01/03","16:18","2.407","-","3.12"
"2024/01/03","16:24","2.508","-","3.25"
"2024/01/03","16:30","2.615","-","3.35"
"2024/01/03","16:36","2.728","-","3.41"
"2024/01/03","16:42","2.847","-","3.59"
"2024/01/03","16:48","2.972","-","3.71"
"2024/01/03","16:54","3.103","-","3.85"
"2024/01/03","17:00","3.239","-","4"
"2024/01/03","17:06","3.38","-","4.13"
"2024/01/03","17:12","3.525","-","4.29"
"2024/01/03","17:18","3.675","-","4.46"
"2024/01/03","17:24","3.83","-","4.61"
"2024/01/03","17:30","3.988","-","4.8"
"2024/01/03","17:36","4.149","-","4.97"
"2024/01/03","17:42","4.313","-","5.13"
"2024/01/03","17:48","4.479","-","5.33"
"2024/01/03","17:54","4.647","-","5.51"
"2024/01/03","18:00","4.816","-","5.72"
"2024/01/03","18:06","4.986","-","5.9"
"2024/01/03","18:12","5.156","-","6.09"
"2024/01/03","18:18","5.325","-","6.27"
"2024/01/03","18:24","5.493","-","6.44"
"2024/01/03","18:30","5.66","-","6.65"
"2024/01/03","18:36","5.824","-","6.81"
"2024/01/03","18:42","5.984","-","6.97"
"2024/01/03","18:48","6.142","-","7.13"
"2024/01/03","18:54","6.295","-","7.3"
"2024/01/03","19:00","6.444","-","7.42"
"2024/01/03","19:06","6.587","-","7.55"
"2024/01/03","19:12","6.726","-","7.67"
"2024/01/03","19:18","6.858","-","7.8"
"2024/01/03","19:24","6.985","-","7.9"
"2024/01/03","19:30","7.105","-","8.01"
"2024/01/03","19:36","7.218","-","8.14"
"2024/01/03","19:42","7.325","-","8.22"
"2024/01/03","19:48","7.424","-","8.3"
"2024/01/03","19:54","7.517","-","8.41"
"2024/01/03","20:00","7.602","-","8.53"
"2024/01/03","20:06","7.68","-","8.59"
"2024/01/03","20:12","7.75","-","8.69"
"2024/01/03","20:18","7.814","-","8.74"
"2024/01/03","20:24","7.869","-","8.81"
"2024/01/03","20:30","7.918","-","8.84"
"2024/01/03","20:36","7.959","-","8.94"
"2024/01/03","20:42","7.993","-","8.98"
"2024/01/03","20:48","8.019","-","9.05"
"2024/01/03","20:54","8.038","-","9.1"
"2024/01/03","21:00","8.049","-","9.12"
"2024/01/03","21:06","8.053","-","9.13"
"2024/01/03","21:12","8.049","-","9.16"
"2024/01/03","21:18","8.038","-","9.15"
"2024/01/03","21:24","8.019","-","9.18"
"2024/01/03","21:30","7.993","-","9.15"
"2024/01/03","21:36","7.959","-","9.12"
"2024/01/03","21:42","7.918","-","9.05"
"2024/01/03","21:48","7.868","-","9.01"
"2024/01/03","21:54","7.812","-","8.93"
"2024/01/03","22:00","7.747","-","8.84"
"2024/01/03","22:06","7.675","-","8.78"
"2024/01/03","22:12","7.595","-","8.69"
"2024/01/03","22:18","7.508","-","8.57"
"2024/01/03","22:24","7.414","-","8.45"
"2024/01/03","22:30","7.312","-","8.34"
"2024/01/03","22:36","7.203","-","8.21"
"2024/01/03","22:42","7.087","-","8.1"
"2024/01/03","22:48","6.965","-","7.98"
"2024/01/03","22:54","6.836","-","7.88"
"2024/01/03","23:00","6.701","-","7.72"
"2024/01/03","23:06","6.561","-","7.57"
"2024/01/03","23:12","6.415","-","7.4"
"2024/01/03","23:18","6.264","-","7.24"
"2024/01/03","23:24","6.108","-","7.08"
"2024/01/03","23:30","5.948","-","6.9"
"2024/01/03","23:36","5.784","-","6.73"
"2024/01/03","23:42","5.618","-","6.54"
"2024/01/03","23:48","5.448","-","6.38"
"2024/01/03","23:54","5.276","-","6.19"
"2024/01/04","00:00","5.102","-","6.05"
"2024/01/04","00:06","4.926","-","5.84"
"2024/01/04","00:12","4.75","-","5.66"
"2024/01/04","00:18","4.573","-","5.48"
"2024/01/04","00:24","4.397","-","5.31"
"2024/01/04","00:30","4.221","-","5.13"
"2024/01/04","00:36","4.046","-","4.92"
"2024/01/04","00:42","3.874","-","4.76"
"2024/01/04","00:48","3.703","-","4.58"
"2024/01/04","00:54","3.534","-","4.39"
"2024/01/04","01:00","3.369","-","4.22"
"2024/01/04","01:06","3.208","-","4.03"
"2024/01/04","01:12","3.051","-","3.87"
"2024/01/04","01:18","2.898","-","3.72"
"2024/01/04","01:24","2.75","-","3.59"
"2024/01/04","01:30","2.608","-","3.43"
"2024/01/04","01:36","2.471","-","3.3"
"2024/01/04","01:42","2.341","-","3.16"
"2024/01/04","01:48","2.217","-","3.01"
"2024/01/04","01:54","2.1","-","2.88"
"2024/01/04","02:00","1.991","-","2.78"
"2024/01/04","02:06","1.889","-","2.66"
"2024/01/04","02:12","1.795","-","2.56"
"2024/01/04","02:18","1.709","-","2.46"
"2024/01/04","02:24","1.631","-","2.37"
"2024/01/04","02:30","1.562","-","2.29"
"2024/01/04","02:36","1.501","-","2.23"
"2024/01/04","02:42","1.449","-","2.17"
"2024/01/04","02:48","1.406","-","2.12"
"2024/01/04","02:54","1.371","-","2.11"
"2024/01/04","03:00","1.345","-","2.06"
"2024/01/04","03:06","1.328","-","2.03"
"2024/01/04","03:12","1.32","-","2.04"
"2024/01/04","03:18","1.319","-","2"
"2024/01/04","03:24","1.328","-","1.99"
"2024/01/04","03:30","1.344","-","2.02"
"2024/01/04","03:36","1.369","-","2.03"
"2024/01/04","03:42","1.402","-","2.06"
"2024/01/04","03:48","1.442","-","2.08"
"2024/01/04","03:54","1.49","-","2.14"
"2024/01/04","04:00","1.546","-","2.18"
"2024/01/04","04:06","1.609","-","2.25"
"2024/01/04","04:12","1.679","-","2.31"
"2024/01/04","04:18","1.756","-","2.4"
"2024/01/04","04:24","1.841","-","2.48"
"2024/01/04","04:30","1.932","-","2.6"
"2024/01/04","04:36","2.029","-","2.72"
"2024/01/04","04:42","2.133","-","2.8"
"2024/01/04","04:48","2.244","-","2.94"
"2024/01/04","04:54","2.361","-","3.05"
"2024/01/04","05:00","2.483","-","3.18"
"2024/01/04","05:06","2.612","-","3.31"
"2024/01/04","05:12","2.747","-","3.47"
"2024/01/04","05:18","2.887","-","3.62"
"2024/01/04","05:24","3.032","-","3.78"
"2024/01/04","05:30","3.183","-","3.92"
"2024/01/04","05:36","3.338","-","4.1"
"2024/01/04","05:42","3.498","-","4.28"
"2024/01/04","05:48","3.663","-","4.46"
"2024/01/04","05:54","3.83","-","4.66"
"2024/01/04","06:00","4.002","-","4.84"
"2024/01/04","06:06","4.176","-","5.03"
"2024/01/04","06:12","4.353","-","5.23"
"2024/01/04","06:18","4.531","-","5.42"
"2024/01/04","06:24","4.711","-","5.6"
"2024/01/04","06:30","4.892","-","5.81"
"2024/01/04","06:36","5.073","-","5.99"
"2024/01/04","06:42","5.254","-","6.21"
"2024/01/04","06:48","5.433","-","6.39"
"2024/01/04","06:54","5.611","-","6.56"
"2024/01/04","07:00","5.787","-","6.74"
"2024/01/04","07:06","5.96","-","6.89"
"2024/01/04","07:12","6.13","-","7.06"
"2024/01/04","07:18","6.296","-","7.23"
"2024/01/04","07:24","6.457","-","7.42"
"2024/01/04","07:30","6.614","-","7.55"
"2024/01/04","07:36","6.766","-","7.7"
"2024/01/04","07:42","6.911","-","7.86"
"2024/01/04","07:48","7.051","-","8"
"2024/01/04","07:54","7.184","-","8.15"
"2024/01/04","08:00","7.311","-","8.28"
"2024/01/04","08:06","7.431","-","8.42"
"2024/01/04","08:12","7.543","-","8.5"
"2024/01/04","08:18","7.649","-","8.6"
"2024/01/04","08:24","7.747","-","8.72"
"2024/01/04","08:30","7.838","-","8.83"
"2024/01/04","08:36","7.922","-","8.94"
"2024/01/04","08:42","7.997","-","9.02"
"2024/01/04","08:48","8.066","-","9.1"
"2024/01/04","08:54","8.126","-","9.19"
"2024/01/04","09:00","8.179","-","9.24"
"2024/01/04","09:06","8.225","-","9.33"
"2024/01/04","09:12","8.263","-","9.4"
"2024/01/04","09:18","8.293","-","9.43"
"2024/01/04","09:24","8.316","-","9.46"
"2024/01/04","09:30","8.33","-","9.49"
"2024/01/04","09:36","8.338","-","9.51"
"2024/01/04","09:42","8.337","-","9.5"
"2024/01/04","09:48","8.329","-","9.48"
"2024/01/04","09:54","8.313","-","9.46"
"2024/01/04","10:00","8.289","-","9.48"
"2024/01/04","10:06","8.258","-","9.44"
"2024/01/04","10:12","8.218","-","9.38"
"2024/01/04","10:18","8.171","-","9.3"
"2024/01/04","10:24","8.117","-","9.25"
"2024/01/04","10:30","8.054","-","9.18"
"2024/01/04","10:36","7.984","-","9.12"
"2024/01/04","10:42","7.906","-","9.03"
"2024/01/04","10:48","7.821","-","8.93"
"2024/01/04","10:54","7.728","-","8.8"
"2024/01/04","11:00","7.628","-","8.68"
"2024/01/04","11:06","7.521","-","8.57"
"2024/01/04","11:12","7.407","-","8.45"
"2024/01/04","11:18","7.287","-","8.32"
"2024/01/04","11:24","7.161","-","8.19"
"2024/01/04","11:30","7.028","-","8.03"
"2024/01/04","11:36","6.89","-","7.89"
"2024/01/04","11:42","6.747","-","7.73"
"2024/01/04","11:48","6.598","-","7.57"
"2024/01/04","11:54","6.446","-","7.38"
"2024/01/04","12:00","6.289","-","7.22"
"2024/01/04","12:06","6.128","-","7.07"
"2024/01/04","12:12","5.964","-","6.89"
"2024/01/04","12:18","5.798","-","6.72"
"2024/01/04","12:24","5.629","-","6.55"
"2024/01/04","12:30","5.458","-","6.35"
"2024/01/04","12:36","5.286","-","6.17"
"2024/01/04","12:42","5.113","-","5.99"
"2024/01/04","12:48","4.939","-","5.83"
"2024/01/04","12:54","4.766","-","5.68"
"2024/01/04","13:00","4.593","-","5.55"
"2024/01/04","13:06","4.421","-","5.37"
"2024/01/04","13:12","4.251","-","5.18"
"2024/01/04","13:18","4.083","-","4.99"
"2024/01/04","13:24","3.917","-","4.81"
"2024/01/04","13:30","3.755","-","4.63"
"2024/01/04","13:36","3.595","-","4.45"
"2024/01/04","13:42","3.44","-","4.3"
"2024/01/04","13:48","3.289","-","4.14"
"2024/01/04","13:54","3.143","-","4"
"2024/01/04","14:00","3.002","-","3.86"
"2024/01/04","14:06","2.867","-","3.72"
"2024/01/04","14:12","2.738","-","3.59"
"2024/01/04","14:18","2.615","-","3.47"
"2024/01/04","14:24","2.499","-","3.36"
"2024/01/04","14:30","2.391","-","3.23"
"2024/01/04","14:36","2.289","-","3.15"
"2024/01/04","14:42","2.195","-","3.07"
"2024/01/04","14:48","2.109","-","2.96"
"2024/01/04","14:54","2.03","-","2.87"
"2024/01/04","15:00","1.96","-","2.78"
"2024/01/04","15:06","1.898","-","2.68"
"2024/01/04","15:12","1.844","-","2.62"
"2024/01/04","15:18","1.799","-","2.55"
"2024/01/04","15:24","1.761","-","2.5"
"2024/01/04","15:30","1.732","-","2.49"
"2024/01/04","15:36","1.711","-","2.47"
"2024/01/04","15:42","1.698","-","2.46"
"2024/01/04","15:48","1.693","-","2.48"
"2024/01/04","15:54","1.696","-","2.47"
"2024/01/04","16:00","1.707","-","2.48"
"2024/01/04","16:06","1.725","-","2.51"
"2024/01/04","16:12","1.75","-","2.52"
"2024/01/04","16:18","1.783","-","2.55"
"2024/01/04","16:24","1.822","-","2.56"
"2024/01/04","16:30","1.869","-","2.58"
"2024/01/04","16:36","1.922","-","2.63"
"2024/01/04","16:42","1.981","-","2.66"
"2024/01/04","16:48","2.048","-","2.74"
"2024/01/04","16:54","2.12","-","2.8"
"2024/01/04","17:00","2.199","-","2.86"
"2024/01/04","17:06","2.284","-","2.96"
"2024/01/04","17:12","2.375","-","3.09"
"2024/01/04","17:18","2.472","-","3.2"
"2024/01/04","17:24","2.574","-","3.33"
"2024/01/04","17:30","2.682","-","3.46"
"2024/01/04","17:36","2.796","-","3.57"
"2024/01/04","17:42","2.915","-","3.69"
"2024/01/04","17:48","3.04","-","3.84"
"2024/01/04","17:54","3.169","-","3.95"
"2024/01/04","18:00","3.303","-","4.07"
"2024/01/04","18:06","3.442","-","4.22"
"2024/01/04","18:12","3.585","-","4.38"
"2024/01/04","18:18","3.732","-","4.54"
"2024/01/04","18:24","3.883","-","4.7"
"2024/01/04","18:30","4.036","-","4.86"
"2024/01/04","18:36","4.193","-","5.01"
"2024/01/04","18:42","4.351","-","5.21"
"2024/01/04","18:48","4.511","-","5.38"
"2024/01/04","18:54","4.673","-","5.55"
"2024/01/04","19:00","4.835","-","5.72"
"2024/01/04","19:06","4.997","-","5.87"
"2024/01/04","19:12","5.159","-","6.03"
"2024/01/04","19:18","5.32","-","6.19"
"2024/01/04","19:24","5.479","-","6.34"
"2024/01/04","19:30","5.635","-","6.48"
"2024/01/04","19:36","5.789","-","6.6"
"2024/01/04","19:42","5.94","-","6.72"
"2024/01/04","19:48","6.087","-","6.87"
"2024/01/04","19:54","6.229","-","7.01"
"2024/01/04","20:00","6.367","-","7.16"
"2024/01/04","20:06","6.499","-","7.3"
"2024/01/04","20:12","6.626","-","7.41"
"2024/01/04","20:18","6.747","-","7.55"
"2024/01/04","20:24","6.862","-","7.64"
"2024/01/04","20:30","6.971","-","7.75"
"2024/01/04","20:36","7.073","-","7.86"
"2024/01/04","20:42","7.168","-","7.94"
"2024/01/04","20:48","7.256","-","8.03"
"2024/01/04","20:54","7.338","-","8.09"
"2024/01/04","21:00","7.412","-","8.18"
"2024/01/04","21:06","7.479","-","8.24"
"2024/01/04","21:12","7.539","-","8.29"
"2024/01/04","21:18","7.592","-","8.34"
"2024/01/04","21:24","7.638","-","8.39"
"2024/01/04","21:30","7.676","-","8.43"
"2024/01/04","21:36","7.708","-","8.49"
"2024/01/04","21:42","7.732","-","8.53"
"2024/01/04","21:48","7.749","-","8.56"
"2024/01/04","21:54","7.759","-","8.59"
"2024/01/04","22:00","7.762","-","8.6"
"2024/01/04","22:06","7.757","-","8.58"
"2024/01/04","22:12","7.746","-","8.57"
"2024/01/04","22:18","7.727","-","8.57"
"2024/01/04","22:24","7.701","-","8.51"
"2024/01/04","22:30","7.667","-","8.51"
"2024/01/04","22:36","7.627","-","8.42"
"2024/01/04","22:42","7.579","-","8.34"
"2024/01/04","22:48","7.524","-","8.2"
"2024/01/04","22:54","7.462","-","8.14"
"2024/01/04","23:00","7.393","-","8.06"
"2024/01/04","23:06","7.317","-","7.97"
"2024/01/04","23:12","7.233","-","7.88"
"2024/01/04","23:18","7.143","-","7.76"
"2024/01/04","23:24","7.046","-","7.61"
"2024/01/04","23:30","6.943","-","7.48"
"2024/01/04","23:36","6.833","-","7.39"
"2024/01/04","23:42","6.717","-","7.29"
"2024/01/04","23:48","6.596","-","7.14"
"2024/01/04","23:54","6.468","-","6.99"
"2024/01/05","00:00","6.336","-","6.81"
"2024/01/05","00:06","6.198","-","6.71"
"2024/01/05","00:12","6.056","-","6.55"
"2024/01/05","00:18","5.909","-","6.37"
"2024/01/05","00:24","5.759","-","6.22"
"2024/01/05","00:30","5.605","-","6.09"
"2024/01/05","00:36","5.448","-","5.92"
"2024/01/05","00:42","5.289","-","5.74"
"2024/01/05","00:48","5.127","-","5.59"
"2024/01/05","00:54","4.963","-","5.41"
"2024/01/05","01:00","4.799","-","5.23"
"2024/01/05","01:06","4.633","-","5.01"
"2024/01/05","01:12","4.468","-","4.85"
"2024/01/05","01:18","4.302","-","4.69"
"2024/01/05","01:24","4.137","-","4.55"
"2024/01/05","01:30","3.974","-","4.34"
"2024/01/05","01:36","3.812","-","4.15"
"2024/01/05","01:42","3.652","-","3.99"
"2024/01/05","01:48","3.495","-","3.82"
"2024/01/05","01:54","3.341","-","3.63"
"2024/01/05","02:00","3.191","-","3.46"
"2024/01/05","02:06","3.045","-","3.31"
"2024/01/05","02:12","2.903","-","3.15"
"2024/01/05","02:18","2.767","-","3"
"2024/01/05","02:24","2.636","-","2.84"
"2024/01/05","02:30","2.511","-","2.71"
"2024/01/05","02:36","2.392","-","2.59"
"2024/01/05","02:42","2.28","-","2.46"
"2024/01/05","02:48","2.175","-","2.34"
"2024/01/05","02:54","2.078","-","2.24"
"2024/01/05","03:00","1.988","-","2.16"
"2024/01/05","03:06","1.906","-","2.05"
"2024/01/05","03:12","1.832","-","1.97"
"2024/01/05","03:18","1.766","-","1.91"
"2024/01/05","03:24","1.709","-","1.84"
"2024/01/05","03:30","1.66","-","1.79"
"2024/01/05","03:36","1.62","-","1.73"
"2024/01/05","03:42","1.588","-","1.69"
"2024/01/05","03:48","1.565","-","1.65"
"2024/01/05","03:54","1.55","-","1.61"
"2024/01/05","04:00","1.544","-","1.61"
"2024/01/05","04:06","1.546","-","1.6"
"2024/01/05","04:12","1.556","-","1.59"
"2024/01/05","04:18","1.574","-","1.61"
"2024/01/05","04:24","1.6","-","1.6"
"2024/01/05","04:30","1.634","-","1.64"
"2024/01/05","04:36","1.675","-","1.68"
"2024/01/05","04:42","1.723","-","1.72"
"2024/01/05","04:48","1.779","-","1.77"
"2024/01/05","04:54","1.841","-","1.84"
"2024/01/05","05:00","1.911","-","1.93"
"2024/01/05","05:06","1.986","-","1.99"
"2024/01/05","05:12","2.069","-","2.08"
"2024/01/05","05:18","2.157","-","2.17"
"2024/01/05","05:24","2.252","-","2.3"
"2024/01/05","05:30","2.353","-","2.41"
"2024/01/05","05:36","2.46","-","2.52"
"2024/01/05","05:42","2.573","-","2.65"
"2024/01/05","05:48","2.692","-","2.78"
"2024/01/05","05:54","2.816","-","2.89"
"2024/01/05","06:00","2.946","-","3.02"
"2024/01/05","06:06","3.081","-","3.17"
"2024/01/05","06:12","3.222","-","3.32"
"2024/01/05","06:18","3.367","-","3.49"
"2024/01/05","06:24","3.517","-","3.65"
"2024/01/05","06:30","3.672","-","3.8"
"2024/01/05","06:36","3.831","-","3.96"
"2024/01/05","06:42","3.994","-","4.1"
"2024/01/05","06:48","4.161","-","4.26"
"2024/01/05","06:54","4.331","-","4.42"
"2024/01/05","07:00","4.503","-","4.59"
"2024/01/05","07:06","4.678","-","4.79"
"2024/01/05","07:12","4.854","-","4.99"
"2024/01/05","07:18","5.032","-","5.15"
"2024/01/05","07:24","5.21","-","5.34"
"2024/01/05","07:30","5.388","-","5.57"
"2024/01/05","07:36","5.565","-","5.73"
"2024/01/05","07:42","5.741","-","5.93"
"2024/01/05","07:48","5.916","-","6.13"
"2024/01/05","07:54","6.088","-","6.32"
"2024/01/05","08:00","6.257","-","6.51"
"2024/01/05","08:06","6.422","-","6.67"
"2024/01/05","08:12","6.583","-","6.83"
"2024/01/05","08:18","6.74","-","6.99"
"2024/01/05","08:24","6.891","-","7.17"
"2024/01/05","08:30","7.037","-","7.32"
"2024/01/05","08:36","7.176","-","7.48"
"2024/01/05","08:42","7.31","-","7.62"
"2024/01/05","08:48","7.437","-","7.76"
"2024/01/05","08:54","7.557","-","7.88"
"2024/01/05","09:00","7.669","-","8.02"
"2024/01/05","09:06","7.775","-","8.12"
"2024/01/05","09:12","7.873","-","8.22"
"2024/01/05","09:18","7.963","-","8.28"
"2024/01/05","09:24","8.046","-","8.37"
"2024/01/05","09:30","8.121","-","8.45"
"2024/01/05","09:36","8.189","-","8.52"
"2024/01/05","09:42","8.248","-","8.58"
"2024/01/05","09:48","8.3","-","8.63"
"2024/01/05","09:54","8.345","-","8.67"
"2024/01/05","10:00","8.381","-","8.71"
"2024/01/05","10:06","8.41","-","8.78"
"2024/01/05","10:12","8.432","-","8.84"
"2024/01/05","10:18","8.445","-","8.87"
"2024/01/05","10:24","8.451","-","8.89"
"2024/01/05","10:30","8.45","-","8.9"
"2024/01/05","10:36","8.441","-","8.89"
"2024/01/05","10:42","8.424","-","8.87"
"2024/01/05","10:48","8.4","-","8.84"
"2024/01/05","10:54","8.368","-","8.8"
"2024/01/05","11:00","8.329","-","8.74"
"2024/01/05","11:06","8.282","-","8.67"
"2024/01/05","11:12","8.227","-","8.6"
"2024/01/05","11:18","8.165","-","8.52"
"2024/01/05","11:24","8.096","-","8.44"
"2024/01/05","11:30","8.019","-","8.37"
"2024/01/05","11:36","7.934","-","8.3"
"2024/01/05","11:42","7.843","-","8.22"
"2024/01/05","11:48","7.744","-","8.1"
"2024/01/05","11:54","7.639","-","8"
"2024/01/05","12:00","7.526","-","7.85"
"2024/01/05","12:06","7.407","-","7.72"
"2024/01/05","12:12","7.282","-","7.59"
"2024/01/05","12:18","7.151","-","7.46"
"2024/01/05","12:24","7.013","-","7.32"
"2024/01/05","12:30","6.871","-","7.15"
"2024/01/05","12:36","6.723","-","7.02"
"2024/01/05","12:42","6.57","-","6.89"
"2024/01/05","12:48","6.413","-","6.74"
"2024/01/05","12:54","6.252","-","6.6"
"2024/01/05","13:00","6.087","-","6.44"
"2024/01/05","13:06","5.919","-","6.28"
"2024/01/05","13:12","5.748","-","6.12"
"2024/01/05","13:18","5.575","-","5.95"
"2024/01/05","13:24","5.4","-","5.78"
"2024/01/05","13:30","5.224","-","5.59"
"2024/01/05","13:36","5.046","-","5.4"
"2024/01/05","13:42","4.869","-","5.21"
"2024/01/05","13:48","4.692","-","5.03"
"2024/01/05","13:54","4.515","-","4.84"
"2024/01/05","14:00","4.339","-","4.67"
"2024/01/05","14:06","4.165","-","4.5"
"2024/01/05","14:12","3.993","-","4.3"
"2024/01/05","14:18","3.824","-","4.14"
"2024/01/05","14:24","3.658","-","3.94"
"2024/01/05","14:30","3.496","-","3.78"
"2024/01/05","14:36","3.338","-","3.61"
"2024/01/05","14:42","3.184","-","3.45"
"2024/01/05","14:48","3.036","-","3.31"
"2024/01/05","14:54","2.893","-","3.18"
"2024/01/05","15:00","2.755","-","3.05"
"2024/01/05","15:06","2.625","-","2.93"
"2024/01/05","15:12","2.5","-","2.79"
"2024/01/05","15:18","2.383","-","2.68"
"2024/01/05","15:24","2.273","-","2.57"
"2024/01/05","15:30","2.171","-","2.48"
"2024/01/05","15:36","2.076","-","2.38"
"2024/01/05","15:42","1.989","-","2.31"
"2024/01/05","15:48","1.91","-","2.22"
"2024/01/05","15:54","1.84","-","2.17"
"2024/01/05","16:00","1.777","-","2.13"
"2024/01/05","16:06","1.723","-","2.07"
"2024/01/05","16:12","1.677","-","2.05"
"2024/01/05","16:18","1.639","-","2.01"
"2024/01/05","16:24","1.609","-","1.99"
"2024/01/05","16:30","1.587","-","1.97"
"2024/01/05","16:36","1.572","-","1.96"
"2024/01/05","16:42","1.566","-","1.99"
"2024/01/05","16:48","1.567","-","1.98"
"2024/01/05","16:54","1.575","-","1.96"
"2024/01/05","17:00","1.591","-","1.95"
"2024/01/05","17:06","1.614","-","1.96"
"2024/01/05","17:12","1.643","-","1.93"
"2024/01/05","17:18","1.68","-","1.93"
"2024/01/05","17:24","1.723","-","1.94"
"2024/01/05","17:30","1.772","-","1.94"
"2024/01/05","17:36","1.828","-","1.98"
"2024/01/05","17:42","1.891","-","2.02"
"2024/01/05","17:48","1.959","-","2.12"
"2024/01/05","17:54","2.034","-","2.18"
"2024/01/05","18:00","2.115","-","2.27"
"2024/01/05","18:06","2.202","-","2.34"
"2024/01/05","18:12","2.295","-","2.43"
"2024/01/05","18:18","2.393","-","2.56"
"2024/01/05","18:24","2.498","-","2.68"
"2024/01/05","18:30","2.609","-","2.8"
"2024/01/05","18:36","2.725","-","2.92"
"2024/01/05","18:42","2.846","-","3.03"
"2024/01/05","18:48","2.973","-","3.18"
"2024/01/05","18:54","3.105","-","3.31"
"2024/01/05","19:00","3.242","-","3.42"
"2024/01/05","19:06","3.384","-","3.56"
"2024/01/05","19:12","3.529","-","3.7"
"2024/01/05","19:18","3.679","-","3.88"
"2024/01/05","19:24","3.832","-","4.05"
"2024/01/05","19:30","3.988","-","4.22"
"2024/01/05","19:36","4.146","-","4.41"
"2024/01/05","19:42","4.306","-","4.54"
"2024/01/05","19:48","4.468","-","4.71"
"2024/01/05","19:54","4.631","-","4.9"
"2024/01/05","20:00","4.794","-","5.03"
"2024/01/05","20:06","4.956","-","5.2"
"2024/01/05","20:12","5.117","-","5.34"
"2024/01/05","20:18","5.277","-","5.47"
"2024/01/05","20:24","5.435","-","5.62"
"2024/01/05","20:30","5.589","-","5.75"
"2024/01/05","20:36","5.741","-","5.87"
"2024/01/05","20:42","5.888","-","6.01"
"2024/01/05","20:48","6.031","-","6.15"
"2024/01/05","20:54","6.17","-","6.29"
"2024/01/05","21:00","6.303","-","6.45"
"2024/01/05","21:06","6.43","-","6.58"
"2024/01/05","21:12","6.552","-","6.75"
"2024/01/05","21:18","6.667","-","6.9"
"2024/01/05","21:24","6.777","-","7.01"
"2024/01/05","21:30","6.879","-","7.12"
"2024/01/05","21:36","6.975","-","7.24"
"2024/01/05","21:42","7.064","-","7.33"
"2024/01/05","21:48","7.146","-","7.44"
"2024/01/05","21:54","7.221","-","7.52"
"2024/01/05","22:00","7.289","-","7.6"
"2024/01/05","22:06","7.35","-","7.63"
"2024/01/05","22:12","7.404","-","7.67"
"2024/01/05","22:18","7.452","-","7.74"
"2024/01/05","22:24","7.492","-","7.8"
"2024/01/05","22:30","7.525","-","7.85"
"2024/01/05","22:36","7.552","-","7.89"
"2024/01/05","22:42","7.571","-","7.92"
"2024/01/05","22:48","7.584","-","7.95"
"2024/01/05","22:54","7.59","-","7.96"
"2024/01/05","23:00","7.589","-","7.97"
"2024/01/05","23:06","7.581","-","7.95"
"2024/01/05","23:12","7.566","-","7.93"
"2024/01/05","23:18","7.544","-","7.87"
"2024/01/05","23:24","7.515","-","7.83"
"2024/01/05","23:30","7.479","-","7.78"
"2024/01/05","23:36","7.436","-","7.74"
"2024/01/05","23:42","7.386","-","7.67"
"2024/01/05","23:48","7.33","-","7.62"
"2024/01/05","23:54","7.266","-","7.57"
"2024/01/06","00:00","7.195","-","7.5"
"2024/01/06","00:06","7.117","-","7.42"
"2024/01/06","00:12","7.033","-","7.35"
"2024/01/06","00:18","6.942","-","7.28"
"2024/01/06","00:24","6.844","-","7.19"
"2024/01/06","00:30","6.74","-","7.11"
"2024/01/06","00:36","6.63","-","6.99"
"2024/01/06","00:42","6.514","-","6.87"
"2024/01/06","00:48","6.392","-","6.72"
"2024/01/06","00:54","6.264","-","6.59"
"2024/01/06","01:00","6.132","-","6.49"
"2024/01/06","01:06","5.995","-","6.36"
"2024/01/06","01:12","5.853","-","6.26"
"2024/01/06","01:18","5.708","-","6.1"
"2024/01/06","01:24","5.559","-","5.93"
"2024/01/06","01:30","5.406","-","5.77"
"2024/01/06","01:36","5.251","-","5.6"
"2024/01/06","01:42","5.094","-","5.45"
"2024/01/06","01:48","4.935","-","5.29"
"2024/01/06","01:54","4.774","-","5.1"
"2024/01/06","02:00","4.613","-","4.94"
"2024/01/06","02:06","4.451","-","4.75"
"2024/01/06","02:12","4.29","-","4.55"
"2024/01/06","02:18","4.129","-","4.35"
"2024/01/06","02:24","3.97","-","4.17"
"2024/01/06","02:30","3.812","-","3.95"
"2024/01/06","02:36","3.657","-","3.81"
"2024/01/06","02:42","3.505","-","3.67"
"2024/01/06","02:48","3.356","-","3.53"
"2024/01/06","02:54","3.21","-","3.38"
"2024/01/06","03:00","3.069","-","3.21"
"2024/01/06","03:06","2.933","-","3.07"
"2024/01/06","03:12","2.802","-","2.91"
"2024/01/06","03:18","2.677","-","2.78"
"2024/01/06","03:24","2.558","-","2.71"
"2024/01/06","03:30","2.446","-","2.62"
"2024/01/06","03:36","2.34","-","2.53"
"2024/01/06","03:42","2.242","-","2.44"
"2024/01/06","03:48","2.151","-","2.36"
"2024/01/06","03:54","2.068","-","2.25"
"2024/01/06","04:00","1.992","-","2.19"
"2024/01/06","04:06","1.925","-","2.14"
"2024/01/06","04:12","1.866","-","2.1"
"2024/01/06","04:18","1.815","-","2.06"
"2024/01/06","04:24","1.773","-","2.01"
"2024/01/06","04:30","1.739","-","2.01"
"2024/01/06","04:36","1.714","-","1.97"
"2024/01/06","04:42","1.696","-","1.94"
"2024/01/06","04:48","1.687","-","1.93"
"2024/01/06","04:54","1.686","-","1.9"
"2024/01/06","05:00","1.693","-","1.88"
"2024/01/06","05:06","1.708","-","1.89"
"2024/01/06","05:12","1.731","-","1.9"
"2024/01/06","05:18","1.761","-","1.91"
"2024/01/06","05:24","1.798","-","1.91"
"2024/01/06","05:30","1.843","-","1.97"
"2024/01/06","05:36","1.894","-","2.01"
"2024/01/06","05:42","1.953","-","2.04"
"2024/01/06","05:48","2.018","-","2.08"
"2024/01/06","05:54","2.09","-","2.16"
"2024/01/06","06:00","2.168","-","2.23"
"2024/01/06","06:06","2.253","-","2.35"
"2024/01/06","06:12","2.344","-","2.44"
"2024/01/06","06:18","2.442","-","2.57"
"2024/01/06","06:24","2.545","-","2.69"
"2024/01/06","06:30","2.655","-","2.82"
"2024/01/06","06:36","2.771","-","2.94"
"2024/01/06","06:42","2.892","-","3.05"
"2024/01/06","06:48","3.02","-","3.21"
"2024/01/06","06:54","3.153","-","3.38"
"2024/01/06","07:00","3.292","-","3.52"
"2024/01/06","07:06","3.436","-","3.71"
"2024/01/06","07:12","3.586","-","3.86"
"2024/01/06","07:18","3.74","-","3.99"
"2024/01/06","07:24","3.899","-","4.16"
"2024/01/06","07:30","4.063","-","4.34"
"2024/01/06","07:36","4.23","-","4.48"
"2024/01/06","07:42","4.402","-","4.64"
"2024/01/06","07:48","4.576","-","4.84"
"2024/01/06","07:54","4.753","-","5"
"2024/01/06","08:00","4.932","-","5.2"
"2024/01/06","08:06","5.112","-","5.38"
"2024/01/06","08:12","5.294","-","5.58"
"2024/01/06","08:18","5.475","-","5.73"
"2024/01/06","08:24","5.657","-","5.88"
"2024/01/06","08:30","5.837","-","6.09"
"2024/01/06","08:36","6.016","-","6.25"
"2024/01/06","08:42","6.192","-","6.43"
"2024/01/06","08:48","6.366","-","6.63"
"2024/01/06","08:54","6.535","-","6.83"
"2024/01/06","09:00","6.701","-","7.01"
"2024/01/06","09:06","6.862","-","7.14"
"2024/01/06","09:12","7.018","-","7.33"
"2024/01/06","09:18","7.169","-","7.49"
"2024/01/06","09:24","7.313","-","7.65"
"2024/01/06","09:30","7.45","-","7.83"
"2024/01/06","09:36","7.581","-","7.99"
"2024/01/06","09:42","7.705","-","8.08"
"2024/01/06","09:48","7.822","-","8.19"
"2024/01/06","09:54","7.931","-","8.29"
"2024/01/06","10:00","8.032","-","8.42"
"2024/01/06","10:06","8.126","-","8.48"
"2024/01/06","10:12","8.212","-","8.55"
"2024/01/06","10:18","8.29","-","8.62"
"2024/01/06","10:24","8.36","-","8.66"
"2024/01/06","10:30","8.423","-","8.71"
"2024/01/06","10:36","8.477","-","8.76"
"2024/01/06","10:42","8.524","-","8.79"
"2024/01/06","10:48","8.563","-","8.8"
"2024/01/06","10:54","8.595","-","8.79"
"2024/01/06","11:00","8.619","-","8.82"
"2024/01/06","11:06","8.635","-","8.8"
"2024/01/06","11:12","8.643","-","8.81"
"2024/01/06","11:18","8.644","-","8.82"
"2024/01/06","11:24","8.637","-","8.84"
"2024/01/06","11:30","8.623","-","8.82"
"2024/01/06","11:36","8.601","-","8.8"
"2024/01/06","11:42","8.572","-","8.82"
"2024/01/06","11:48","8.534","-","8.82"
"2024/01/06","11:54","8.489","-","8.79"
"2024/01/06","12:00","8.437","-","8.75"
"2024/01/06","12:06","8.376","-","8.72"
"2024/01/06","12:12","8.308","-","8.6"
"2024/01/06","12:18","8.232","-","8.55"
"2024/01/06","12:24","8.149","-","8.51"
"2024/01/06","12:30","8.058","-","8.39"
"2024/01/06","12:36","7.959","-","8.28"
"2024/01/06","12:42","7.853","-","8.2"
"2024/01/06","12:48","7.74","-","8.1"
"2024/01/06","12:54","7.62","-","7.95"
"2024/01/06","13:00","7.493","-","7.87"
"2024/01/06","13:06","7.359","-","7.71"
"2024/01/06","13:12","7.219","-","7.58"
"2024/01/06","13:18","7.073","-","7.42"
"2024/01/06","13:24","6.921","-","7.27"
"2024/01/06","13:30","6.763","-","7.08"
"2024/01/06","13:36","6.601","-","6.92"
"2024/01/06","13:42","6.434","-","6.72"
"2024/01/06","13:48","6.263","-","6.55"
"2024/01/06","13:54","6.088","-","6.31"
"2024/01/06","14:00","5.909","-","6.11"
"2024/01/06","14:06","5.728","-","5.95"
"2024/01/06","14:12","5.545","-","5.79"
"2024/01/06","14:18","5.359","-","5.61"
"2024/01/06","14:24","5.173","-","5.42"
"2024/01/06","14:30","4.985","-","5.21"
"2024/01/06","14:36","4.798","-","5.06"
"2024/01/06","14:42","4.611","-","4.85"
"2024/01/06","14:48","4.424","-","4.68"
"2024/01/06","14:54","4.239","-","4.55"
"2024/01/06","15:00","4.056","-","4.31"
"2024/01/06","15:06","3.876","-","4.12"
"2024/01/06","15:12","3.698","-","3.91"
"2024/01/06","15:18","3.524","-","3.72"
"2024/01/06","15:24","3.354","-","3.59"
"2024/01/06","15:30","3.189","-","3.38"
"2024/01/06","15:36","3.028","-","3.28"
"2024/01/06","15:42","2.873","-","3.13"
"2024/01/06","15:48","2.723","-","2.96"
"2024/01/06","15:54","2.58","-","2.86"
"2024/01/06","16:00","2.443","-","2.75"
"2024/01/06","16:06","2.313","-","2.63"
"2024/01/06","16:12","2.191","-","2.51"
"2024/01/06","16:18","2.075","-","2.43"
"2024/01/06","16:24","1.968","-","2.3"
"2024/01/06","16:30","1.868","-","2.22"
"2024/01/06","16:36","1.776","-","2.13"
"2024/01/06","16:42","1.692","-","2.04"
"2024/01/06","16:48","1.617","-","1.99"
"2024/01/06","16:54","1.549","-","1.94"
"2024/01/06","17:00","1.49","-","1.86"
"2024/01/06","17:06","1.439","-","1.83"
"2024/01/06","17:12","1.396","-","1.77"
"2024/01/06","17:18","1.362","-","1.74"
"2024/01/06","17:24","1.335","-","1.76"
"2024/01/06","17:30","1.316","-","1.69"
"2024/01/06","17:36","1.305","-","1.69"
"2024/01/06","17:42","1.301","-","1.68"
"2024/01/06","17:48","1.305","-","1.67"
"2024/01/06","17:54","1.316","-","1.68"
"2024/01/06","18:00","1.335","-","1.68"
"2024/01/06","18:06","1.361","-","1.67"
"2024/01/06","18:12","1.394","-","1.74"
"2024/01/06","18:18","1.433","-","1.78"
"2024/01/06","18:24","1.48","-","1.84"
"2024/01/06","18:30","1.534","-","1.94"
"2024/01/06","18:36","1.595","-","1.99"
"2024/01/06","18:42","1.663","-","2.07"
"2024/01/06","18:48","1.737","-","2.15"
"2024/01/06","18:54","1.818","-","2.24"
"2024/01/06","19:00","1.906","-","2.32"
"2024/01/06","19:06","2","-","2.38"
"2024/01/06","19:12","2.102","-","2.53"
"2024/01/06","19:18","2.209","-","2.63"
"2024/01/06","19:24","2.324","-","2.75"
"2024/01/06","19:30","2.444","-","2.85"
"2024/01/06","19:36","2.57","-","2.99"
"2024/01/06","19:42","2.703","-","3.09"
"2024/01/06","19:48","2.841","-","3.24"
"2024/01/06","19:54","2.984","-","3.44"
"2024/01/06","20:00","3.133","-","3.64"
"2024/01/06","20:06","3.286","-","3.76"
"2024/01/06","20:12","3.443","-","3.97"
"2024/01/06","20:18","3.604","-","4.19"
"2024/01/06","20:24","3.767","-","4.33"
"2024/01/06","20:30","3.934","-","4.56"
"2024/01/06","20:36","4.102","-","4.73"
"2024/01/06","20:42","4.272","-","4.91"
"2024/01/06","20:48","4.442","-","5.04"
"2024/01/06","20:54","4.613","-","5.24"
"2024/01/06","21:00","4.783","-","5.42"
"2024/01/06","21:06","4.952","-","5.62"
"2024/01/06","21:12","5.118","-","5.78"
"2024/01/06","21:18","5.283","-","5.99"
"2024/01/06","21:24","5.444","-","6.24"
"2024/01/06","21:30","5.602","-","6.37"
"2024/01/06","21:36","5.756","-","6.53"
"2024/01/06","21:42","5.905","-","6.68"
"2024/01/06","21:48","6.049","-","6.88"
"2024/01/06","21:54","6.187","-","7.02"
"2024/01/06","22:00","6.32","-","7.19"
"2024/01/06","22:06","6.447","-","7.31"
"2024/01/06","22:12","6.568","-","7.43"
"2024/01/06","22:18","6.682","-","7.45"
"2024/01/06","22:24","6.789","-","7.53"
"2024/01/06","22:30","6.89","-","7.6"
"2024/01/06","22:36","6.985","-","7.66"
"2024/01/06","22:42","7.072","-","7.76"
"2024/01/06","22:48","7.152","-","7.88"
"2024/01/06","22:54","7.226","-","7.94"
"2024/01/06","23:00","7.293","-","8.05"
"2024/01/06","23:06","7.353","-","8.11"
"2024/01/06","23:12","7.406","-","8.2"
"2024/01/06","23:18","7.452","-","8.32"
"2024/01/06","23:24","7.492","-","8.38"
"2024/01/06","23:30","7.524","-","8.47"
"2024/01/06","23:36","7.55","-","8.51"
"2024/01/06","23:42","7.569","-","8.56"
"2024/01/06","23:48","7.58","-","8.53"
"2024/01/06","23:54","7.585","-","8.52"
"2024/01/07","00:00","7.583","-","8.5"
"2024/01/07","00:06","7.574","-","8.5"
"2024/01/07","00:12","7.557","-","8.47"
"2024/01/07","00:18","7.533","-","8.48"
"2024/01/07","00:24","7.502","-","8.46"
"2024/01/07","00:30","7.464","-","8.46"
"2024/01/07","00:36","7.418","-","8.39"
"2024/01/07","00:42","7.365","-","8.38"
"2024/01/07","00:48","7.304","-","8.3"
"2024/01/07","00:54","7.236","-","8.24"
"2024/01/07","01:00","7.16","-","8.09"
"2024/01/07","01:06","7.078","-","8.09"
"2024/01/07","01:12","6.988","-","7.93"
"2024/01/07","01:18","6.891","-","7.8"
"2024/01/07","01:24","6.787","-","7.6"
"2024/01/07","01:30","6.677","-","7.53"
"2024/01/07","01:36","6.56","-","7.34"
"2024/01/07","01:42","6.437","-","7.21"
"2024/01/07","01:48","6.308","-","7.1"
"2024/01/07","01:54","6.174","-","6.98"
"2024/01/07","02:00","6.035","-","6.82"
"2024/01/07","02:06","5.891","-","6.64"
"2024/01/07","02:12","5.743","-","6.54"
"2024/01/07","02:18","5.591","-","6.37"
"2024/01/07","02:24","5.436","-","6.23"
"2024/01/07","02:30","5.278","-","6.08"
"2024/01/07","02:36","5.118","-","5.98"
"2024/01/07","02:42","4.956","-","5.75"
"2024/01/07","02:48","4.793","-","5.49"
"2024/01/07","02:54","4.629","-","5.35"
"2024/01/07","03:00","4.465","-","5.17"
"2024/01/07","03:06","4.301","-","5"
"2024/01/07","03:12","4.138","-","4.81"
"2024/01/07","03:18","3.977","-","4.61"
"2024/01/07","03:24","3.817","-","4.48"
"2024/01/07","03:30","3.66","-","4.32"
"2024/01/07","03:36","3.506","-","4.13"
"2024/01/07","03:42","3.356","-","4.05"
"2024/01/07","03:48","3.209","-","3.94"
"2024/01/07","03:54","3.068","-","3.74"
"2024/01/07","04:00","2.931","-","3.7"
"2024/01/07","04:06","2.8","-","3.55"
"2024/01/07","04:12","2.674","-","3.39"
"2024/01/07","04:18","2.555","-","3.32"
"2024/01/07","04:24","2.442","-","3.25"
"2024/01/07","04:30","2.337","-","3.12"
"2024/01/07","04:36","2.238","-","3.01"
"2024/01/07","04:42","2.148","-","2.94"
"2024/01/07","04:48","2.065","-","2.81"
"2024/01/07","04:54","1.99","-","2.77"
"2024/01/07","05:00","1.923","-","2.71"
"2024/01/07","05:06","1.864","-","2.62"
"2024/01/07","05:12","1.813","-","2.6"
"2024/01/07","05:18","1.771","-","2.61"
"2024/01/07","05:24","1.738","-","2.55"
"2024/01/07","05:30","1.712","-","2.5"
"2024/01/07","05:36","1.696","-","2.55"
"2024/01/07","05:42","1.687","-","2.54"
"2024/01/07","05:48","1.687","-","2.51"
"2024/01/07","05:54","1.694","-","2.53"
"2024/01/07","06:00","1.71","-","2.6"
"2024/01/07","06:06","1.734","-","2.68"
"2024/01/07","06:12","1.765","-","2.67"
"2024/01/07","06:18","1.804","-","2.8"
"2024/01/07","06:24","1.851","-","2.86"
"2024/01/07","06:30","1.905","-","2.81"
"2024/01/07","06:36","1.967","-","2.92"
"2024/01/07","06:42","2.036","-","2.97"
"2024/01/07","06:48","2.112","-","3.1"
"2024/01/07","06:54","2.195","-","3.25"
"2024/01/07","07:00","2.285","-","3.37"
"2024/01/07","07:06","2.382","-","3.48"
"2024/01/07","07:12","2.486","-","3.7"
"2024/01/07","07:18","2.597","-","3.78"
"2024/01/07","07:24","2.714","-","3.87"
"2024/01/07","07:30","2.838","-","4.05"
"2024/01/07","07:36","2.969","-","4.18"
"2024/01/07","07:42","3.106","-","4.37"
"2024/01/07","07:48","3.249","-","4.53"
"2024/01/07","07:54","3.398","-","4.78"
"2024/01/07","08:00","3.553","-","4.95"
"2024/01/07","08:06","3.713","-","5.07"
"2024/01/07","08:12","3.879","-","5.25"
"2024/01/07","08:18","4.049","-","5.4"
"2024/01/07","08:24","4.224","-","5.59"
"2024/01/07","08:30","4.403","-","5.68"
"2024/01/07","08:36","4.585","-","5.92"
"2024/01/07","08:42","4.771","-","6.22"
"2024/01/07","08:48","4.958","-","6.38"
"2024/01/07","08:54","5.148","-","6.58"
"2024/01/07","09:00","5.338","-","6.75"
"2024/01/07","09:06","5.529","-","7.03"
"2024/01/07","09:12","5.72","-","7.19"
"2024/01/07","09:18","5.91","-","7.48"
"2024/01/07","09:24","6.098","-","7.65"
"2024/01/07","09:30","6.284","-","7.9"
"2024/01/07","09:36","6.467","-","8.04"
"2024/01/07","09:42","6.646","-","8.22"
"2024/01/07","09:48","6.822","-","8.47"
"2024/01/07","09:54","6.992","-","8.63"
"2024/01/07","10:00","7.158","-","8.81"
"2024/01/07","10:06","7.318","-","8.97"
"2024/01/07","10:12","7.471","-","9.08"
"2024/01/07","10:18","7.618","-","9.25"
"2024/01/07","10:24","7.758","-","9.37"
"2024/01/07","10:30","7.891","-","9.56"
"2024/01/07","10:36","8.016","-","9.73"
"2024/01/07","10:42","8.134","-","9.82"
"2024/01/07","10:48","8.244","-","9.9"
"2024/01/07","10:54","8.346","-","9.97"
"2024/01/07","11:00","8.441","-","10.05"
"2024/01/07","11:06","8.527","-","10.06"
"2024/01/07","11:12","8.605","-","10.15"
"2024/01/07","11:18","8.675","-","10.3"
"2024/01/07","11:24","8.737","-","10.34"
"2024/01/07","11:30","8.791","-","10.3"
"2024/01/07","11:36","8.837","-","10.44"
"2024/01/07","11:42","8.875","-","10.44"
"2024/01/07","11:48","8.905","-","10.4"
"2024/01/07","11:54","8.927","-","10.44"
"2024/01/07","12:00","8.941","-","10.52"
"2024/01/07","12:06","8.946","-","10.49"
"2024/01/07","12:12","8.944","-","10.47"
"2024/01/07","12:18","8.934","-","10.51"
"2024/01/07","12:24","8.915","-","10.61"
"2024/01/07","12:30","8.888","-","10.55"
"2024/01/07","12:36","8.853","-","10.58"
"2024/01/07","12:42","8.81","-","10.72"
"2024/01/07","12:48","8.758","-","10.73"
"2024/01/07","12:54","8.698","-","10.68"
"2024/01/07","13:00","8.63","-","10.81"
"2024/01/07","13:06","8.553","-","10.73"
"2024/01/07","13:12","8.467","-","10.52"
"2024/01/07","13:18","8.374","-","10.37"
"2024/01/07","13:24","8.272","-","10.27"
"2024/01/07","13:30","8.162","-","10.09"
"2024/01/07","13:36","8.044","-","9.92"
"2024/01/07","13:42","7.918","-","9.72"
"2024/01/07","13:48","7.784","-","9.61"
"2024/01/07","13:54","7.644","-","9.41"
"2024/01/07","14:00","7.496","-","9.31"
"2024/01/07","14:06","7.341","-","9.19"
"2024/01/07","14:12","7.18","-","9.04"
"2024/01/07","14:18","7.013","-","8.8"
"2024/01/07","14:24","6.84","-","8.61"
"2024/01/07","14:30","6.662","-","8.41"
"2024/01/07","14:36","6.479","-","8.24"
"2024/01/07","14:42","6.292","-","7.96"
"2024/01/07","14:48","6.101","-","7.71"
"2024/01/07","14:54","5.907","-","7.51"
"2024/01/07","15:00","5.71","-","7.29"
"2024/01/07","15:06","5.511","-","7.11"
"2024/01/07","15:12","5.311","-","6.87"
"2024/01/07","15:18","5.109","-","6.75"
"2024/01/07","15:24","4.907","-","6.56"
"2024/01/07","15:30","4.705","-","6.36"
"2024/01/07","15:36","4.503","-","6.24"
"2024/01/07","15:42","4.303","-","6.1"
"2024/01/07","15:48","4.104","-","5.86"
"2024/01/07","15:54","3.907","-","5.64"
"2024/01/07","16:00","3.713","-","5.42"
"2024/01/07","16:06","3.523","-","5.26"
"2024/01/07","16:12","3.336","-","4.99"
"2024/01/07","16:18","3.153","-","4.79"
"2024/01/07","16:24","2.976","-","4.64"
"2024/01/07","16:30","2.803","-","4.43"
"2024/01/07","16:36","2.636","-","4.24"
"2024/01/07","16:42","2.475","-","4.1"
"2024/01/07","16:48","2.32","-","3.93"
"2024/01/07","16:54","2.172","-","3.8"
"2024/01/07","17:00","2.032","-","3.62"
"2024/01/07","17:06","1.899","-","3.52"
"2024/01/07","17:12","1.773","-","3.43"
"2024/01/07","17:18","1.655","-","3.28"
"2024/01/07","17:24","1.546","-","3.17"
"2024/01/07","17:30","1.445","-","3.11"
"2024/01/07","17:36","1.352","-","2.97"
"2024/01/07","17:42","1.268","-","2.87"
"2024/01/07","17:48","1.192","-","2.8"
"2024/01/07","17:54","1.125","-","2.73"
"2024/01/07","18:00","1.067","-","2.67"
"2024/01/07","18:06","1.017","-","2.55"
"2024/01/07","18:12","0.976","-","2.51"
"2024/01/07","18:18","0.944","-","2.48"
"2024/01/07","18:24","0.92","-","2.43"
"2024/01/07","18:30","0.905","-","2.48"
"2024/01/07","18:36","0.898","-","2.49"
"2024/01/07","18:42","0.899","-","2.5"
"2024/01/07","18:48","0.909","-","2.54"
"2024/01/07","18:54","0.927","-","2.56"
"2024/01/07","19:00","0.953","-","2.55"
"2024/01/07","19:06","0.987","-","2.58"
"2024/01/07","19:12","1.029","-","2.61"
"2024/01/07","19:18","1.079","-","2.63"
"2024/01/07","19:24","1.137","-","2.7"
"2024/01/07","19:30","1.203","-","2.73"
"2024/01/07","19:36","1.277","-","2.79"
"2024/01/07","19:42","1.358","-","2.88"
"2024/01/07","19:48","1.448","-","2.94"
"2024/01/07","19:54","1.545","-","3.03"
"2024/01/07","20:00","1.649","-","3.15"
"2024/01/07","20:06","1.761","-","3.25"
"2024/01/07","20:12","1.88","-","3.39"
"2024/01/07","20:18","2.006","-","3.52"
"2024/01/07","20:24","2.139","-","3.63"
"2024/01/07","20:30","2.279","-","3.8"
"2024/01/07","20:36","2.425","-","3.91"
"2024/01/07","20:42","2.577","-","4.07"
"2024/01/07","20:48","2.734","-","4.24"
"2024/01/07","20:54","2.897","-","4.42"
"2024/01/07","21:00","3.064","-","4.58"
"2024/01/07","21:06","3.236","-","4.78"
"2024/01/07","21:12","3.411","-","5.01"
"2024/01/07","21:18","3.589","-","5.24"
"2024/01/07","21:24","3.769","-","5.47"
"2024/01/07","21:30","3.951","-","5.66"
"2024/01/07","21:36","4.135","-","5.91"
"2024/01/07","21:42","4.319","-","6.09"
"2024/01/07","21:48","4.502","-","6.33"
"2024/01/07","21:54","4.685","-","6.52"
"2024/01/07","22:00","4.866","-","6.73"
"2024/01/07","22:06","5.045","-","6.89"
"2024/01/07","22:12","5.221","-","7.05"
"2024/01/07","22:18","5.394","-","7.19"
"2024/01/07","22:24","5.563","-","7.34"
"2024/01/07","22:30","5.728","-","7.46"
"2024/01/07","22:36","5.887","-","7.62"
"2024/01/07","22:42","6.042","-","7.77"
"2024/01/07","22:48","6.191","-","7.91"
"2024/01/07","22:54","6.334","-","8.03"
"2024/01/07","23:00","6.471","-","8.17"
"2024/01/07","23:06","6.602","-","8.32"
"2024/01/07","23:12","6.726","-","8.48"
"2024/01/07","23:18","6.843","-","8.59"
"2024/01/07","23:24","6.954","-","8.74"
"2024/01/07","23:30","7.058","-","8.82"
"2024/01/07","23:36","7.154","-","8.9"
"2024/01/07","23:42","7.244","-","8.97"
"2024/01/07","23:48","7.326","-","9.07"
"2024/01/07","23:54","7.402","-","9.14"
"2024/01/08","00:00","7.47","-","9.22"
"2024/01/08","00:06","7.531","-","9.3"
"2024/01/08","00:12","7.585","-","9.38"
"2024/01/08","00:18","7.631","-","9.38"
"2024/01/08","00:24","7.67","-","9.43"
"2024/01/08","00:30","7.702","-","9.45"
"2024/01/08","00:36","7.726","-","9.52"
"2024/01/08","00:42","7.742","-","9.48"
"2024/01/08","00:48","7.751","-","9.44"
"2024/01/08","00:54","7.752","-","9.4"
"2024/01/08","01:00","7.745","-","9.36"
"2024/01/08","01:06","7.73","-","9.27"
"2024/01/08","01:12","7.707","-","9.25"
"2024/01/08","01:18","7.676","-","9.18"
"2024/01/08","01:24","7.637","-","9.12"
"2024/01/08","01:30","7.589","-","9.02"
"2024/01/08","01:36","7.533","-","8.98"
"2024/01/08","01:42","7.469","-","8.96"
"2024/01/08","01:48","7.397","-","8.89"
"2024/01/08","01:54","7.317","-","8.82"
"2024/01/08","02:00","7.229","-","8.77"
"2024/01/08","02:06","7.133","-","8.68"
"2024/01/08","02:12","7.029","-","8.57"
"2024/01/08","02:18","6.919","-","8.47"
"2024/01/08","02:24","6.801","-","8.39"
"2024/01/08","02:30","6.676","-","8.28"
"2024/01/08","02:36","6.545","-","8.14"
"2024/01/08","02:42","6.408","-","7.97"
"2024/01/08","02:48","6.265","-","7.81"
"2024/01/08","02:54","6.117","-","7.67"
"2024/01/08","03:00","5.964","-","7.5"
"2024/01/08","03:06","5.807","-","7.31"
"2024/01/08","03:12","5.646","-","7.13"
"2024/01/08","03:18","5.481","-","6.93"
"2024/01/08","03:24","5.314","-","6.73"
"2024/01/08","03:30","5.145","-","6.55"
"2024/01/08","03:36","4.974","-","6.36"
"2024/01/08","03:42","4.801","-","6.17"
"2024/01/08","03:48","4.628","-","5.98"
"2024/01/08","03:54","4.455","-","5.77"
"2024/01/08","04:00","4.282","-","5.57"
"2024/01/08","04:06","4.111","-","5.4"
"2024/01/08","04:12","3.941","-","5.23"
"2024/01/08","04:18","3.773","-","5.07"
"2024/01/08","04:24","3.607","-","4.91"
"2024/01/08","04:30","3.445","-","4.77"
"2024/01/08","04:36","3.286","-","4.62"
"2024/01/08","04:42","3.132","-","4.49"
"2024/01/08","04:48","2.982","-","4.37"
"2024/01/08","04:54","2.838","-","4.25"
"2024/01/08","05:00","2.699","-","4.15"
"2024/01/08","05:06","2.566","-","4.01"
"2024/01/08","05:12","2.44","-","3.91"
"2024/01/08","05:18","2.32","-","3.81"
"2024/01/08","05:24","2.208","-","3.69"
"2024/01/08","05:30","2.103","-","3.59"
"2024/01/08","05:36","2.007","-","3.51"
"2024/01/08","05:42","1.918","-","3.41"
"2024/01/08","05:48","1.838","-","3.35"
"2024/01/08","05:54","1.766","-","3.3"
"2024/01/08","06:00","1.703","-","3.25"
"2024/01/08","06:06","1.649","-","3.21"
"2024/01/08","06:12","1.603","-","3.18"
"2024/01/08","06:18","1.567","-","3.13"
"2024/01/08","06:24","1.54","-","3.15"
"2024/01/08","06:30","1.522","-","3.17"
"2024/01/08","06:36","1.513","-","3.17"
"2024/01/08","06:42","1.513","-","3.2"
"2024/01/08","06:48","1.522","-","3.2"
"2024/01/08","06:54","1.54","-","3.24"
"2024/01/08","07:00","1.567","-","3.28"
"2024/01/08","07:06","1.603","-","3.31"
"2024/01/08","07:12","1.647","-","3.38"
"2024/01/08","07:18","1.7","-","3.45"
"2024/01/08","07:24","1.761","-","3.51"
"2024/01/08","07:30","1.831","-","3.58"
"2024/01/08","07:36","1.908","-","3.64"
"2024/01/08","07:42","1.994","-","3.72"
"2024/01/08","07:48","2.088","-","3.81"
"2024/01/08","07:54","2.19","-","3.89"
"2024/01/08","08:00","2.299","-","4.01"
"2024/01/08","08:06","2.417","-","4.12"
"2024/01/08","08:12","2.541","-","4.22"
"2024/01/08","08:18","2.673","-","4.35"
"2024/01/08","08:24","2.813","-","4.48"
"2024/01/08","08:30","2.959","-","4.62"
"2024/01/08","08:36","3.112","-","4.75"
"2024/01/08","08:42","3.272","-","4.91"
"2024/01/08","08:48","3.438","-","5.05"
"2024/01/08","08:54","3.61","-","5.22"
"2024/01/08","09:00","3.787","-","5.39"
"2024/01/08","09:06","3.97","-","5.56"
"2024/01/08","09:12","4.157","-","5.76"
"2024/01/08","09:18","4.349","-","5.93"
"2024/01/08","09:24","4.545","-","6.11"
"2024/01/08","09:30","4.743","-","6.3"
"2024/01/08","09:36","4.945","-","6.52"
"2024/01/08","09:42","5.148","-","6.72"
"2024/01/08","09:48","5.353","-","6.92"
"2024/01/08","09:54","5.558","-","7.13"
"2024/01/08","10:00","5.763","-","7.31"
"2024/01/08","10:06","5.968","-","7.52"
"2024/01/08","10:12","6.171","-","7.69"
"2024/01/08","10:18","6.372","-","7.89"
"2024/01/08","10:24","6.57","-","8.07"
"2024/01/08","10:30","6.765","-","8.27"
"2024/01/08","10:36","6.956","-","8.46"
"2024/01/08","10:42","7.142","-","8.62"
"2024/01/08","10:48","7.323","-","8.76"
"2024/01/08","10:54","7.498","-","8.92"
"2024/01/08","11:00","7.666","-","9.09"
"2024/01/08","11:06","7.829","-","9.24"
"2024/01/08","11:12","7.984","-","9.41"
"2024/01/08","11:18","8.131","-","9.53"
"2024/01/08","11:24","8.271","-","9.64"
"2024/01/08","11:30","8.404","-","9.76"
"2024/01/08","11:36","8.528","-","9.86"
"2024/01/08","11:42","8.643","-","9.99"
"2024/01/08","11:48","8.751","-","10.08"
"2024/01/08","11:54","8.85","-","10.19"
"2024/01/08","12:00","8.94","-","10.23"
"2024/01/08","12:06","9.021","-","10.31"
"2024/01/08","12:12","9.094","-","10.39"
"2024/01/08","12:18","9.158","-","10.48"
"2024/01/08","12:24","9.213","-","10.56"
"2024/01/08","12:30","9.26","-","10.6"
"2024/01/08","12:36","9.298","-","10.63"
"2024/01/08","12:42","9.326","-","10.67"
"2024/01/08","12:48","9.346","-","10.69"
"2024/01/08","12:54","9.357","-","10.73"
"2024/01/08","13:00","9.359","-","10.73"
"2024/01/08","13:06","9.351","-","10.7"
"2024/01/08","13:12","9.335","-","10.7"
"2024/01/08","13:18","9.309","-","10.66"
"2024/01/08","13:24","9.274","-","10.59"
"2024/01/08","13:30","9.23","-","10.54"
"2024/01/08","13:36","9.177","-","10.44"
"2024/01/08","13:42","9.114","-","10.35"
"2024/01/08","13:48","9.042","-","10.25"
"2024/01/08","13:54","8.961","-","10.14"
"2024/01/08","14:00","8.87","-","10"
"2024/01/08","14:06","8.77","-","9.86"
"2024/01/08","14:12","8.661","-","9.76"
"2024/01/08","14:18","8.543","-","9.64"
"2024/01/08","14:24","8.417","-","9.49"
"2024/01/08","14:30","8.281","-","9.34"
"2024/01/08","14:36","8.138","-","9.18"
"2024/01/08","14:42","7.986","-","9"
"2024/01/08","14:48","7.827","-","8.85"
"2024/01/08","14:54","7.66","-","8.69"
"2024/01/08","15:00","7.486","-","8.49"
"2024/01/08","15:06","7.305","-","8.28"
"2024/01/08","15:12","7.119","-","8.05"
"2024/01/08","15:18","6.926","-","7.83"
"2024/01/08","15:24","6.728","-","7.62"
"2024/01/08","15:30","6.525","-","7.42"
"2024/01/08","15:36","6.319","-","7.19"
"2024/01/08","15:42","6.108","-","6.97"
"2024/01/08","15:48","5.894","-","6.73"
"2024/01/08","15:54","5.677","-","6.48"
"2024/01/08","16:00","5.458","-","6.29"
"2024/01/08","16:06","5.238","-","6.06"
"2024/01/08","16:12","5.017","-","5.83"
"2024/01/08","16:18","4.795","-","5.59"
"2024/01/08","16:24","4.573","-","5.36"
"2024/01/08","16:30","4.352","-","5.11"
"2024/01/08","16:36","4.133","-","4.88"
"2024/01/08","16:42","3.915","-","4.67"
"2024/01/08","16:48","3.699","-","4.43"
"2024/01/08","16:54","3.487","-","4.24"
"2024/01/08","17:00","3.277","-","4"
"2024/01/08","17:06","3.072","-","3.82"
"2024/01/08","17:12","2.872","-","3.6"
"2024/01/08","17:18","2.676","-","3.37"
"2024/01/08","17:24","2.487","-","3.21"
"2024/01/08","17:30","2.303","-","3.03"
"2024/01/08","17:36","2.126","-","2.87"
"2024/01/08","17:42","1.955","-","2.71"
"2024/01/08","17:48","1.792","-","2.55"
"2024/01/08","17:54","1.637","-","2.42"
"2024/01/08","18:00","1.49","-","2.25"
"2024/01/08","18:06","1.351","-","2.08"
"2024/01/08","18:12","1.222","-","1.98"
"2024/01/08","18:18","1.101","-","1.83"
"2024/01/08","18:24","0.989","-","1.7"
"2024/01/08","18:30","0.887","-","1.63"
"2024/01/08","18:36","0.794","-","1.52"
"2024/01/08","18:42","0.711","-","1.45"
"2024/01/08","18:48","0.638","-","1.38"
"2024/01/08","18:54","0.575","-","1.3"
"2024/01/08","19:00","0.521","-","1.24"
"2024/01/08","19:06","0.478","-","1.24"
"2024/01/08","19:12","0.444","-","1.19"
"2024/01/08","19:18","0.42","-","1.16"
"2024/01/08","19:24","0.406","-","1.14"
"2024/01/08","19:30","0.401","-","1.11"
"2024/01/08","19:36","0.406","-","1.1"
"2024/01/08","19:42","0.421","-","1.07"
"2024/01/08","19:48","0.445","-","1.04"
"2024/01/08","19:54","0.478","-","1.07"
"2024/01/08","20:00","0.521","-","1.09"
"2024/01/08","20:06","0.573","-","1.13"
"2024/01/08","20:12","0.634","-","1.16"
"2024/01/08","20:18","0.703","-","1.24"
"2024/01/08","20:24","0.782","-","1.27"
"2024/01/08","20:30","0.869","-","1.39"
"2024/01/08","20:36","0.965","-","1.49"
"2024/01/08","20:42","1.07","-","1.61"
"2024/01/08","20:48","1.183","-","1.76"
"2024/01/08","20:54","1.304","-","1.93"
"2024/01/08","21:00","1.433","-","2.08"
"2024/01/08","21:06","1.57","-","2.26"
"2024/01/08","21:12","1.714","-","2.4"
"2024/01/08","21:18","1.865","-","2.57"
"2024/01/08","21:24","2.024","-","2.77"
"2024/01/08","21:30","2.189","-","2.95"
"2024/01/08","21:36","2.36","-","3.14"
"2024/01/08","21:42","2.537","-","3.33"
"2024/01/08","21:48","2.719","-","3.54"
"2024/01/08","21:54","2.905","-","3.69"
"2024/01/08","22:00","3.096","-","3.91"
"2024/01/08","22:06","3.29","-","4.1"
"2024/01/08","22:12","3.487","-","4.3"
"2024/01/08","22:18","3.687","-","4.53"
"2024/01/08","22:24","3.888","-","4.68"
"2024/01/08","22:30","4.089","-","4.91"
"2024/01/08","22:36","4.291","-","5.14"
"2024/01/08","22:42","4.493","-","5.32"
"2024/01/08","22:48","4.693","-","5.51"
"2024/01/08","22:54","4.891","-","5.7"
"2024/01/08","23:00","5.087","-","5.88"
"2024/01/08","23:06","5.28","-","6.03"
"2024/01/08","23:12","5.469","-","6.22"
"2024/01/08","23:18","5.654","-","6.4"
"2024/01/08","23:24","5.835","-","6.6"
"2024/01/08","23:30","6.01","-","6.77"
"2024/01/08","23:36","6.179","-","6.92"
"2024/01/08","23:42","6.342","-","7.07"
"2024/01/08","23:48","6.499","-","7.22"
"2024/01/08","23:54","6.65","-","7.38"
"2024/01/09","00:00","6.793","-","7.51"
"2024/01/09","00:06","6.93","-","7.67"
"2024/01/09","00:12","7.059","-","7.83"
"2024/01/09","00:18","7.18","-","7.94"
"2024/01/09","00:24","7.294","-","8.04"
"2024/01/09","00:30","7.401","-","8.17"
"2024/01/09","00:36","7.499","-","8.27"
"2024/01/09","00:42","7.59","-","8.38"
"2024/01/09","00:48","7.672","-","8.47"
"2024/01/09","00:54","7.746","-","8.57"
"2024/01/09","01:00","7.813","-","8.64"
"2024/01/09","01:06","7.871","-","8.7"
"2024/01/09","01:12","7.921","-","8.72"
"2024/01/09","01:18","7.962","-","8.78"
"2024/01/09","01:24","7.995","-","8.8"
"2024/01/09","01:30","8.019","-","8.83"
"2024/01/09","01:36","8.035","-","8.81"
"2024/01/09","01:42","8.042","-","8.84"
"2024/01/09","01:48","8.04","-","8.81"
"2024/01/09","01:54","8.029","-","8.79"
"2024/01/09","02:00","8.009","-","8.76"
"2024/01/09","02:06","7.98","-","8.76"
"2024/01/09","02:12","7.942","-","8.71"
"2024/01/09","02:18","7.895","-","8.64"
"2024/01/09","02:24","7.839","-","8.57"
"2024/01/09","02:30","7.775","-","8.5"
"2024/01/09","02:36","7.701","-","8.42"
"2024/01/09","02:42","7.618","-","8.29"
"2024/01/09","02:48","7.527","-","8.18"
"2024/01/09","02:54","7.427","-","8.05"
"2024/01/09","03:00","7.319","-","7.93"
"2024/01/09","03:06","7.203","-","7.78"
"2024/01/09","03:12","7.079","-","7.66"
"2024/01/09","03:18","6.948","-","7.55"
"2024/01/09","03:24","6.81","-","7.4"
"2024/01/09","03:30","6.664","-","7.23"
"2024/01/09","03:36","6.513","-","7.07"
"2024/01/09","03:42","6.356","-","6.92"
"2024/01/09","03:48","6.193","-","6.75"
"2024/01/09","03:54","6.025","-","6.58"
"2024/01/09","04:00","5.853","-","6.38"
"2024/01/09","04:06","5.676","-","6.23"
"2024/01/09","04:12","5.497","-","5.97"
"2024/01/09","04:18","5.314","-","5.75"
"2024/01/09","04:24","5.129","-","5.54"
"2024/01/09","04:30","4.942","-","5.35"
"2024/01/09","04:36","4.754","-","5.14"
"2024/01/09","04:42","4.565","-","4.94"
"2024/01/09","04:48","4.376","-","4.75"
"2024/01/09","04:54","4.188","-","4.57"
"2024/01/09","05:00","4","-","4.39"
"2024/01/09","05:06","3.814","-","4.22"
"2024/01/09","05:12","3.631","-","4.03"
"2024/01/09","05:18","3.45","-","3.84"
"2024/01/09","05:24","3.273","-","3.68"
"2024/01/09","05:30","3.1","-","3.52"
"2024/01/09","05:36","2.931","-","3.36"
"2024/01/09","05:42","2.767","-","3.17"
"2024/01/09","05:48","2.609","-","3.02"
"2024/01/09","05:54","2.457","-","2.81"
"2024/01/09","06:00","2.312","-","2.65"
"2024/01/09","06:06","2.174","-","2.52"
"2024/01/09","06:12","2.044","-","2.36"
"2024/01/09","06:18","1.922","-","2.24"
"2024/01/09","06:24","1.808","-","2.13"
"2024/01/09","06:30","1.703","-","2.05"
"2024/01/09","06:36","1.607","-","1.98"
"2024/01/09","06:42","1.521","-","1.93"
"2024/01/09","06:48","1.444","-","1.82"
"2024/01/09","06:54","1.378","-","1.74"
"2024/01/09","07:00","1.321","-","1.71"
"2024/01/09","07:06","1.275","-","1.69"
"2024/01/09","07:12","1.238","-","1.66"
"2024/01/09","07:18","1.213","-","1.66"
"2024/01/09","07:24","1.197","-","1.66"
"2024/01/09","07:30","1.192","-","1.64"
"2024/01/09","07:36","1.197","-","1.61"
"2024/01/09","07:42","1.212","-","1.58"
"2024/01/09","07:48","1.238","-","1.58"
"2024/01/09","07:54","1.273","-","1.62"
"2024/01/09","08:00","1.319","-","1.69"
"2024/01/09","08:06","1.374","-","1.77"
"2024/01/09","08:12","1.438","-","1.9"
"2024/01/09","08:18","1.513","-","2"
"2024/01/09","08:24","1.596","-","2.06"
"2024/01/09","08:30","1.689","-","2.16"
"2024/01/09","08:36","1.79","-","2.25"
"2024/01/09","08:42","1.901","-","2.39"
"2024/01/09","08:48","2.02","-","2.51"
"2024/01/09","08:54","2.147","-","2.65"
"2024/01/09","09:00","2.283","-","2.78"
"2024/01/09","09:06","2.427","-","2.92"
"2024/01/09","09:12","2.579","-","3.08"
"2024/01/09","09:18","2.738","-","3.25"
"2024/01/09","09:24","2.905","-","3.41"
"2024/01/09","09:30","3.079","-","3.61"
"2024/01/09","09:36","3.259","-","3.84"
"2024/01/09","09:42","3.446","-","4.02"
"2024/01/09","09:48","3.64","-","4.23"
"2024/01/09","09:54","3.839","-","4.45"
"2024/01/09","10:00","4.043","-","4.66"
"2024/01/09","10:06","4.252","-","4.88"
"2024/01/09","10:12","4.465","-","5.09"
"2024/01/09","10:18","4.681","-","5.29"
"2024/01/09","10:24","4.901","-","5.47"
"2024/01/09","10:30","5.123","-","5.69"
"2024/01/09","10:36","5.347","-","5.86"
"2024/01/09","10:42","5.571","-","6.09"
"2024/01/09","10:48","5.796","-","6.3"
"2024/01/09","10:54","6.021","-","6.56"
"2024/01/09","11:00","6.244","-","6.75"
"2024/01/09","11:06","6.466","-","7.03"
"2024/01/09","11:12","6.685","-","7.26"
"2024/01/09","11:18","6.9","-","7.43"
"2024/01/09","11:24","7.112","-","7.63"
"2024/01/09","11:30","7.319","-","7.89"
"2024/01/09","11:36","7.52","-","8.09"
"2024/01/09","11:42","7.716","-","8.3"
"2024/01/09","11:48","7.905","-","8.49"
"2024/01/09","11:54","8.087","-","8.73"
"2024/01/09","12:00","8.262","-","8.87"
"2024/01/09","12:06","8.428","-","9.05"
"2024/01/09","12:12","8.587","-","9.25"
"2024/01/09","12:18","8.737","-","9.5"
"2024/01/09","12:24","8.878","-","9.64"
"2024/01/09","12:30","9.01","-","9.81"
"2024/01/09","12:36","9.133","-","9.95"
"2024/01/09","12:42","9.246","-","10.03"
"2024/01/09","12:48","9.35","-","10.14"
"2024/01/09","12:54","9.444","-","10.23"
"2024/01/09","13:00","9.528","-","10.32"
"2024/01/09","13:06","9.602","-","10.37"
"2024/01/09","13:12","9.667","-","10.41"
"2024/01/09","13:18","9.721","-","10.46"
"2024/01/09","13:24","9.766","-","10.49"
"2024/01/09","13:30","9.8","-","10.51"
"2024/01/09","13:36","9.824","-","10.56"
"2024/01/09","13:42","9.839","-","10.6"
"2024/01/09","13:48","9.843","-","10.62"
"2024/01/09","13:54","9.837","-","10.61"
"2024/01/09","14:00","9.82","-","10.58"
"2024/01/09","14:06","9.794","-","10.48"
"2024/01/09","14:12","9.757","-","10.45"
"2024/01/09","14:18","9.71","-","10.42"
"2024/01/09","14:24","9.653","-","10.31"
"2024/01/09","14:30","9.586","-","10.25"
"2024/01/09","14:36","9.508","-","10.14"
"2024/01/09","14:42","9.42","-","10.07"
"2024/01/09","14:48","9.322","-","9.93"
"2024/01/09","14:54","9.214","-","9.84"
"2024/01/09","15:00","9.097","-","9.76"
"2024/01/09","15:06","8.969","-","9.62"
"2024/01/09","15:12","8.832","-","9.51"
"2024/01/09","15:18","8.685","-","9.33"
"2024/01/09","15:24","8.53","-","9.19"
"2024/01/09","15:30","8.365","-","8.97"
"2024/01/09","15:36","8.193","-","8.82"
"2024/01/09","15:42","8.011","-","8.64"
"2024/01/09","15:48","7.823","-","8.37"
"2024/01/09","15:54","7.626","-","8.15"
"2024/01/09","16:00","7.423","-","7.96"
"2024/01/09","16:06","7.213","-","7.74"
"2024/01/09","16:12","6.997","-","7.52"
"2024/01/09","16:18","6.776","-","7.33"
"2024/01/09","16:24","6.55","-","7.11"
"2024/01/09","16:30","6.319","-","6.82"
"2024/01/09","16:36","6.084","-","6.6"
"2024/01/09","16:42","5.846","-","6.38"
"2024/01/09","16:48","5.604","-","6.14"
"2024/01/09","16:54","5.361","-","5.86"
"2024/01/09","17:00","5.116","-","5.58"
"2024/01/09","17:06","4.87","-","5.39"
"2024/01/09","17:12","4.624","-","5.05"
"2024/01/09","17:18","4.378","-","4.82"
"2024/01/09","17:24","4.133","-","4.59"
"2024/01/09","17:30","3.889","-","4.33"
"2024/01/09","17:36","3.648","-","4.07"
"2024/01/09","17:42","3.409","-","3.86"
"2024/01/09","17:48","3.174","-","3.64"
"2024/01/09","17:54","2.943","-","3.38"
"2024/01/09","18:00","2.716","-","3.18"
"2024/01/09","18:06","2.495","-","2.96"
"2024/01/09","18:12","2.28","-","2.77"
"2024/01/09","18:18","2.071","-","2.56"
"2024/01/09","18:24","1.869","-","2.32"
"2024/01/09","18:30","1.675","-","2.14"
"2024/01/09","18:36","1.488","-","1.95"
"2024/01/09","18:42","1.311","-","1.79"
"2024/01/09","18:48","1.142","-","1.61"
"2024/01/09","18:54","0.983","-","1.43"
"2024/01/09","19:00","0.834","-","1.33"
"2024/01/09","19:06","0.695","-","1.23"
"2024/01/09","19:12","0.566","-","1.09"
"2024/01/09","19:18","0.448","-","0.95"
"2024/01/09","19:24","0.341","-","0.81"
"2024/01/09","19:30","0.245","-","0.72"
"2024/01/09","19:36","0.16","-","0.57"
"2024/01/09","19:42","0.086","-","0.52"
"2024/01/09","19:48","0.024","-","0.43"
"2024/01/09","19:54","-0.028","-","0.42"
"2024/01/09","20:00","-0.068","-","0.37"
"2024/01/09","20:06","-0.096","-","0.31"
"2024/01/09","20:12","-0.114","-","0.39"
"2024/01/09","20:18","-0.121","-","0.37"
"2024/01/09","20:24","-0.117","-","0.39"
"2024/01/09","20:30","-0.102","-","0.44"
"2024/01/09","20:36","-0.076","-","0.51"
"2024/01/09","20:42","-0.04","-","0.54"
"2024/01/09","20:48","0.007","-","0.65"
"2024/01/09","20:54","0.063","-","0.64"
"2024/01/09","21:00","0.13","-","0.8"
"2024/01/09","21:06","0.207","-","0.89"
"2024/01/09","21:12","0.293","-","0.92"
"2024/01/09","21:18","0.39","-","1.06"
"2024/01/09","21:24","0.495","-","1.2"
"2024/01/09","21:30","0.61","-","1.25"
"2024/01/09","21:36","0.734","-","1.4"
"2024/01/09","21:42","0.867","-","1.59"
"2024/01/09","21:48","1.009","-","1.81"
"2024/01/09","21:54","1.16","-","1.95"
"2024/01/09","22:00","1.318","-","2.17"
"2024/01/09","22:06","1.485","-","2.39"
"2024/01/09","22:12","1.659","-","2.59"
"2024/01/09","22:18","1.84","-","2.81"
"2024/01/09","22:24","2.028","-","2.99"
"2024/01/09","22:30","2.223","-","3.22"
"2024/01/09","22:36","2.423","-","3.4"
"2024/01/09","22:42","2.628","-","3.65"
"2024/01/09","22:48","2.839","-","3.93"
"2024/01/09","22:54","3.053","-","4.15"
"2024/01/09","23:00","3.27","-","4.34"
"2024/01/09","23:06","3.491","-","4.57"
"2024/01/09","23:12","3.713","-","4.88"
"2024/01/09","23:18","3.937","-","5.05"
"2024/01/09","23:24","4.161","-","5.29"
"2024/01/09","23:30","4.385","-","5.61"
"2024/01/09","23:36","4.608","-","5.8"
"2024/01/09","23:42","4.83","-","6.06"
"2024/01/09","23:48","5.049","-","6.25"
"2024/01/09","23:54","5.265","-","6.51"
"2024/01/10","00:00","5.477","-","6.73"
"2024/01/10","00:06","5.684","-","6.95"
"2024/01/10","00:12","5.887","-","7.22"
"2024/01/10","00:18","6.084","-","7.41"
"2024/01/10","00:24","6.275","-","7.62"
"2024/01/10","00:30","6.46","-","7.83"
"2024/01/10","00:36","6.637","-","8.02"
"2024/01/10","00:42","6.808","-","8.24"
"2024/01/10","00:48","6.97","-","8.45"
"2024/01/10","00:54","7.125","-","8.65"
"2024/01/10","01:00","7.271","-","8.84"
"2024/01/10","01:06","7.409","-","9.01"
"2024/01/10","01:12","7.538","-","9.17"
"2024/01/10","01:18","7.659","-","9.3"
"2024/01/10","01:24","7.771","-","9.43"
"2024/01/10","01:30","7.874","-","9.59"
"2024/01/10","01:36","7.968","-","9.74"
"2024/01/10","01:42","8.052","-","9.83"
"2024/01/10","01:48","8.128","-","9.92"
"2024/01/10","01:54","8.194","-","9.98"
"2024/01/10","02:00","8.251","-","10.05"
"2024/01/10","02:06","8.299","-","10.11"
"2024/01/10","02:12","8.337","-","10.25"
"2024/01/10","02:18","8.365","-","10.26"
"2024/01/10","02:24","8.384","-","10.26"
"2024/01/10","02:30","8.394","-","10.24"
"2024/01/10","02:36","8.393","-","10.29"
"2024/01/10","02:42","8.383","-","10.26"
"2024/01/10","02:48","8.363","-","10.28"
"2024/01/10","02:54","8.334","-","10.27"
"2024/01/10","03:00","8.294","-","10.21"
"2024/01/10","03:06","8.245","-","10.16"
"2024/01/10","03:12","8.186","-","10.15"
"2024/01/10","03:18","8.117","-","10.08"
"2024/01/10","03:24","8.038","-","10.01"
"2024/01/10","03:30","7.95","-","9.88"
"2024/01/10","03:36","7.853","-","9.82"
"2024/01/10","03:42","7.746","-","9.69"
"2024/01/10","03:48","7.63","-","9.65"
"2024/01/10","03:54","7.505","-","9.59"
"2024/01/10","04:00","7.372","-","9.43"
"2024/01/10","04:06","7.23","-","9.36"
"2024/01/10","04:12","7.081","-","9.24"
"2024/01/10","04:18","6.924","-","9.09"
"2024/01/10","04:24","6.759","-","8.88"
"2024/01/10","04:30","6.588","-","8.74"
"2024/01/10","04:36","6.411","-","8.59"
"2024/01/10","04:42","6.228","-","8.36"
"2024/01/10","04:48","6.039","-","8.18"
"2024/01/10","04:54","5.846","-","7.92"
"2024/01/10","05:00","5.648","-","7.64"
"2024/01/10","05:06","5.447","-","7.5"
"2024/01/10","05:12","5.243","-","7.32"
"2024/01/10","05:18","5.036","-","7.17"
"2024/01/10","05:24","4.827","-","7.02"
"2024/01/10","05:30","4.617","-","6.83"
"2024/01/10","05:36","4.407","-","6.68"
"2024/01/10","05:42","4.197","-","6.44"
"2024/01/10","05:48","3.987","-","6.29"
"2024/01/10","05:54","3.779","-","6.11"
"2024/01/10","06:00","3.573","-","5.99"
"2024/01/10","06:06","3.37","-","5.76"
"2024/01/10","06:12","3.171","-","5.52"
"2024/01/10","06:18","2.975","-","5.36"
"2024/01/10","06:24","2.785","-","5.15"
"2024/01/10","06:30","2.599","-","4.96"
"2024/01/10","06:36","2.42","-","4.81"
"2024/01/10","06:42","2.248","-","4.75"
"2024/01/10","06:48","2.083","-","4.62"
"2024/01/10","06:54","1.926","-","4.48"
"2024/01/10","07:00","1.778","-","4.44"
"2024/01/10","07:06","1.638","-","4.3"
"2024/01/10","07:12","1.508","-","4.19"
"2024/01/10","07:18","1.388","-","4.07"
"2024/01/10","07:24","1.278","-","4"
"2024/01/10","07:30","1.179","-","3.92"
"2024/01/10","07:36","1.09","-","3.8"
"2024/01/10","07:42","1.013","-","3.66"
"2024/01/10","07:48","0.947","-","3.64"
"2024/01/10","07:54","0.892","-","3.55"
"2024/01/10","08:00","0.849","-","3.51"
"2024/01/10","08:06","0.818","-","3.55"
"2024/01/10","08:12","0.798","-","3.59"
"2024/01/10","08:18","0.79","-","3.6"
"2024/01/10","08:24","0.793","-","3.7"
"2024/01/10","08:30","0.808","-","3.77"
"2024/01/10","08:36","0.834","-","3.8"
"2024/01/10","08:42","0.871","-","3.89"
"2024/01/10","08:48","0.92","-","4.05"
"2024/01/10","08:54","0.979","-","4.18"
"2024/01/10","09:00","1.049","-","4.25"
"2024/01/10","09:06","1.129","-","4.38"
"2024/01/10","09:12","1.22","-","4.45"
"2024/01/10","09:18","1.321","-","4.48"
"2024/01/10","09:24","1.431","-","4.63"
"2024/01/10","09:30","1.552","-","4.78"
"2024/01/10","09:36","1.682","-","4.96"
"2024/01/10","09:42","1.821","-","5.13"
"2024/01/10","09:48","1.969","-","5.35"
"2024/01/10","09:54","2.126","-","5.55"
"2024/01/10","10:00","2.292","-","5.73"
"2024/01/10","10:06","2.466","-","5.84"
"2024/01/10","10:12","2.649","-","6.05"
"2024/01/10","10:18","2.839","-","6.2"
"2024/01/10","10:24","3.037","-","6.51"
"2024/01/10","10:30","3.241","-","6.72"
"2024/01/10","10:36","3.453","-","6.91"
"2024/01/10","10:42","3.671","-","6.98"
"2024/01/10","10:48","3.895","-","7.08"
"2024/01/10","10:54","4.124","-","7.15"
"2024/01/10","11:00","4.358","-","7.35"
"2024/01/10","11:06","4.596","-","7.71"
"2024/01/10","11:12","4.837","-","7.87"
"2024/01/10","11:18","5.081","-","8.09"
"2024/01/10","11:24","5.328","-","8.12"
"2024/01/10","11:30","5.575","-","8.4"
"2024/01/10","11:36","5.824","-","8.46"
"2024/01/10","11:42","6.072","-","8.92"
"2024/01/10","11:48","6.319","-","9.23"
"2024/01/10","11:54","6.564","-","9.69"
"2024/01/10","12:00","6.807","-","9.52"
"2024/01/10","12:06","7.046","-","9.93"
"2024/01/10","12:12","7.281","-","10.15"
"2024/01/10","12:18","7.51","-","10.49"
"2024/01/10","12:24","7.735","-","10.8"
"2024/01/10","12:30","7.952","-","11.14"
"2024/01/10","12:36","8.163","-","11.31"
"2024/01/10","12:42","8.366","-","11.42"
"2024/01/10","12:48","8.561","-","11.77"
"2024/01/10","12:54","8.747","-","12.18"
"2024/01/10","13:00","8.925","-","12.5"
"2024/01/10","13:06","9.092","-","12.75"
"2024/01/10","13:12","9.25","-","12.98"
"2024/01/10","13:18","9.398","-","13.15"
"2024/01/10","13:24","9.535","-","13.34"
"2024/01/10","13:30","9.662","-","13.62"
"2024/01/10","13:36","9.778","-","13.8"
"2024/01/10","13:42","9.884","-","13.83"
"2024/01/10","13:48","9.978","-","13.66"
"2024/01/10","13:54","10.062","-","13.57"
"2024/01/10","14:00","10.134","-","13.39"
"2024/01/10","14:06","10.196","-","13.5"
"2024/01/10","14:12","10.246","-","13.42"
"2024/01/10","14:18","10.285","-","13.41"
"2024/01/10","14:24","10.313","-","13.45"
"2024/01/10","14:30","10.33","-","13.27"
"2024/01/10","14:36","10.336","-","13.42"
"2024/01/10","14:42","10.331","-","13.46"
"2024/01/10","14:48","10.314","-","13.62"
"2024/01/10","14:54","10.287","-","13.64"
"2024/01/10","15:00","10.248","-","13.48"
"2024/01/10","15:06","10.198","-","13.31"
"2024/01/10","15:12","10.137","-","13.14"
"2024/01/10","15:18","10.065","-","13.11"
"2024/01/10","15:24","9.982","-","12.98"
"2024/01/10","15:30","9.888","-","12.93"
"2024/01/10","15:36","9.782","-","12.6"
"2024/01/10","15:42","9.666","-","12.34"
"2024/01/10","15:48","9.539","-","12.31"
"2024/01/10","15:54","9.402","-","12.19"
"2024/01/10","16:00","9.254","-","11.92"
"2024/01/10","16:06","9.096","-","11.82"
"2024/01/10","16:12","8.928","-","11.61"
"2024/01/10","16:18","8.75","-","11.3"
"2024/01/10","16:24","8.562","-","11.13"
"2024/01/10","16:30","8.366","-","11.07"
"2024/01/10","16:36","8.16","-","10.72"
"2024/01/10","16:42","7.946","-","10.46"
"2024/01/10","16:48","7.725","-","10.14"
"2024/01/10","16:54","7.496","-","9.98"
"2024/01/10","17:00","7.26","-","9.6"
"2024/01/10","17:06","7.017","-","9.38"
"2024/01/10","17:12","6.769","-","9.12"
"2024/01/10","17:18","6.515","-","8.77"
"2024/01/10","17:24","6.257","-","8.44"
"2024/01/10","17:30","5.995","-","8.21"
"2024/01/10","17:36","5.729","-","8"
"2024/01/10","17:42","5.46","-","7.84"
"2024/01/10","17:48","5.19","-","7.6"
"2024/01/10","17:54","4.918","-","7.33"
"2024/01/10","18:00","4.645","-","7.04"
"2024/01/10","18:06","4.373","-","6.78"
"2024/01/10","18:12","4.101","-","6.4"
"2024/01/10","18:18","3.831","-","6.09"
"2024/01/10","18:24","3.563","-","5.9"
"2024/01/10","18:30","3.298","-","5.6"
"2024/01/10","18:36","3.037","-","5.23"
"2024/01/10","18:42","2.78","-","4.84"
"2024/01/10","18:48","2.529","-","4.49"
"2024/01/10","18:54","2.283","-","4.16"
"2024/01/10","19:00","2.044","-","3.78"
"2024/01/10","19:06","1.812","-","3.6"
"2024/01/10","19:12","1.588","-","3.42"
"2024/01/10","19:18","1.372","-","3.21"
"2024/01/10","19:24","1.166","-","2.93"
"2024/01/10","19:30","0.969","-","2.66"
"2024/01/10","19:36","0.782","-","2.49"
"2024/01/10","19:42","0.606","-","2.2"
"2024/01/10","19:48","0.44","-","2"
"2024/01/10","19:54","0.286","-","1.81"
"2024/01/10","20:00","0.144","-","1.6"
"2024/01/10","20:06","0.013","-","1.51"
"2024/01/10","20:12","-0.105","-","1.42"
"2024/01/10","20:18","-0.211","-","1.35"
"2024/01/10","20:24","-0.305","-","1.23"
"2024/01/10","20:30","-0.387","-","1.13"
"2024/01/10","20:36","-0.455","-","1.01"
"2024/01/10","20:42","-0.512","-","0.94"
"2024/01/10","20:48","-0.556","-","0.92"
"2024/01/10","20:54","-0.587","-","0.83"
"2024/01/10","21:00","-0.607","-","0.93"
"2024/01/10","21:06","-0.614","-","0.97"
"2024/01/10","21:12","-0.609","-","1.02"
"2024/01/10","21:18","-0.592","-","1.07"
"2024/01/10","21:24","-0.564","-","1.09"
"2024/01/10","21:30","-0.524","-","1.17"
"2024/01/10","21:36","-0.472","-","1.22"
"2024/01/10","21:42","-0.41","-","1.18"
"2024/01/10","21:48","-0.336","-","1.26"
"2024/01/10","21:54","-0.251","-","1.42"
"2024/01/10","22:00","-0.155","-","1.48"
"2024/01/10","22:06","-0.049","-","1.55"
"2024/01/10","22:12","0.068","-","1.62"
"2024/01/10","22:18","0.194","-","1.74"
"2024/01/10","22:24","0.331","-","1.86"
"2024/01/10","22:30","0.478","-","1.99"
"2024/01/10","22:36","0.635","-","2.12"
"2024/01/10","22:42","0.8","-","2.32"
"2024/01/10","22:48","0.975","-","2.5"
"2024/01/10","22:54","1.159","-","2.64"
"2024/01/10","23:00","1.351","-","2.77"
"2024/01/10","23:06","1.551","-","2.96"
"2024/01/10","23:12","1.758","-","3.2"
"2024/01/10","23:18","1.972","-","3.37"
"2024/01/10","23:24","2.193","-","3.53"
"2024/01/10","23:30","2.42","-","3.78"
"2024/01/10","23:36","2.651","-","3.97"
"2024/01/10","23:42","2.888","-","4.11"
"2024/01/10","23:48","3.128","-","4.33"
"2024/01/10","23:54","3.371","-","4.58"
"2024/01/11","00:00","3.616","-","4.88"
"2024/01/11","00:06","3.863","-","5.15"
"2024/01/11","00:12","4.111","-","5.41"
"2024/01/11","00:18","4.358","-","5.67"
"2024/01/11","00:24","4.604","-","5.93"
"2024/01/11","00:30","4.849","-","6.18"
"2024/01/11","00:36","5.09","-","6.45"
"2024/01/11","00:42","5.329","-","6.7"
"2024/01/11","00:48","5.563","-","6.95"
"2024/01/11","00:54","5.792","-","7.21"
"2024/01/11","01:00","6.016","-","7.43"
"2024/01/11","01:06","6.233","-","7.68"
"2024/01/11","01:12","6.444","-","7.87"
"2024/01/11","01:18","6.647","-","8.04"
"2024/01/11","01:24","6.842","-","8.24"
"2024/01/11","01:30","7.03","-","8.5"
"2024/01/11","01:36","7.209","-","8.68"
"2024/01/11","01:42","7.379","-","8.86"
"2024/01/11","01:48","7.54","-","9.02"
"2024/01/11","01:54","7.691","-","9.15"
"2024/01/11","02:00","7.833","-","9.31"
"2024/01/11","02:06","7.965","-","9.52"
"2024/01/11","02:12","8.088","-","9.67"
"2024/01/11","02:18","8.201","-","9.7"
"2024/01/11","02:24","8.303","-","9.78"
"2024/01/11","02:30","8.396","-","9.91"
"2024/01/11","02:36","8.478","-","9.95"
"2024/01/11","02:42","8.551","-","9.98"
"2024/01/11","02:48","8.613","-","10.07"
"2024/01/11","02:54","8.665","-","10.11"
"2024/01/11","03:00","8.707","-","10.12"
"2024/01/11","03:06","8.738","-","10.17"
"2024/01/11","03:12","8.759","-","10.18"
"2024/01/11","03:18","8.769","-","10.18"
"2024/01/11","03:24","8.769","-","10.13"
"2024/01/11","03:30","8.759","-","10.12"
"2024/01/11","03:36","8.737","-","10.04"
"2024/01/11","03:42","8.706","-","10.03"
"2024/01/11","03:48","8.663","-","9.93"
"2024/01/11","03:54","8.61","-","9.91"
"2024/01/11","04:00","8.546","-","9.82"
"2024/01/11","04:06","8.472","-","9.72"
"2024/01/11","04:12","8.387","-","9.6"
"2024/01/11","04:18","8.291","-","9.55"
"2024/01/11","04:24","8.185","-","9.5"
"2024/01/11","04:30","8.069","-","9.45"
"2024/01/11","04:36","7.943","-","9.35"
"2024/01/11","04:42","7.807","-","9.23"
"2024/01/11","04:48","7.661","-","9.12"
"2024/01/11","04:54","7.506","-","8.97"
"2024/01/11","05:00","7.342","-","8.87"
"2024/01/11","05:06","7.17","-","8.66"
"2024/01/11","05:12","6.99","-","8.49"
"2024/01/11","05:18","6.802","-","8.34"
"2024/01/11","05:24","6.607","-","8.13"
"2024/01/11","05:30","6.405","-","7.93"
"2024/01/11","05:36","6.197","-","7.73"
"2024/01/11","05:42","5.984","-","7.51"
"2024/01/11","05:48","5.766","-","7.3"
"2024/01/11","05:54","5.543","-","7.09"
"2024/01/11","06:00","5.317","-","6.84"
"2024/01/11","06:06","5.088","-","6.63"
"2024/01/11","06:12","4.858","-","6.36"
"2024/01/11","06:18","4.625","-","6.15"
"2024/01/11","06:24","4.392","-","5.85"
"2024/01/11","06:30","4.16","-","5.61"
"2024/01/11","06:36","3.928","-","5.32"
"2024/01/11","06:42","3.697","-","5.07"
"2024/01/11","06:48","3.469","-","4.84"
"2024/01/11","06:54","3.244","-","4.59"
"2024/01/11","07:00","3.023","-","4.37"
"2024/01/11","07:06","2.807","-","4.2"
"2024/01/11","07:12","2.596","-","3.93"
"2024/01/11","07:18","2.391","-","3.73"
"2024/01/11","07:24","2.193","-","3.55"
"2024/01/11","07:30","2.002","-","3.34"
"2024/01/11","07:36","1.819","-","3.16"
"2024/01/11","07:42","1.646","-","2.99"
"2024/01/11","07:48","1.481","-","2.8"
"2024/01/11","07:54","1.327","-","2.65"
"2024/01/11","08:00","1.182","-","2.52"
"2024/01/11","08:06","1.049","-","2.38"
"2024/01/11","08:12","0.927","-","2.29"
"2024/01/11","08:18","0.816","-","2.16"
"2024/01/11","08:24","0.717","-","2.04"
"2024/01/11","08:30","0.631","-","1.97"
"2024/01/11","08:36","0.557","-","1.86"
"2024/01/11","08:42","0.495","-","1.78"
"2024/01/11","08:48","0.446","-","1.69"
"2024/01/11","08:54","0.409","-","1.64"
"2024/01/11","09:00","0.385","-","1.61"
"2024/01/11","09:06","0.374","-","1.58"
"2024/01/11","09:12","0.376","-","1.55"
"2024/01/11","09:18","0.389","-","1.55"
"2024/01/11","09:24","0.416","-","1.59"
"2024/01/11","09:30","0.454","-","1.58"
"2024/01/11","09:36","0.505","-","1.62"
"2024/01/11","09:42","0.567","-","1.69"
"2024/01/11","09:48","0.641","-","1.72"
"2024/01/11","09:54","0.727","-","1.8"
"2024/01/11","10:00","0.824","-","1.9"
"2024/01/11","10:06","0.932","-","2"
"2024/01/11","10:12","1.051","-","2.12"
"2024/01/11","10:18","1.181","-","2.2"
"2024/01/11","10:24","1.321","-","2.34"
"2024/01/11","10:30","1.472","-","2.52"
"2024/01/11","10:36","1.632","-","2.64"
"2024/01/11","10:42","1.803","-","2.81"
"2024/01/11","10:48","1.982","-","2.95"
"2024/01/11","10:54","2.172","-","3.13"
"2024/01/11","11:00","2.37","-","3.31"
"2024/01/11","11:06","2.577","-","3.5"
"2024/01/11","11:12","2.792","-","3.71"
"2024/01/11","11:18","3.015","-","3.92"
"2024/01/11","11:24","3.245","-","4.13"
"2024/01/11","11:30","3.483","-","4.36"
"2024/01/11","11:36","3.726","-","4.57"
"2024/01/11","11:42","3.976","-","4.81"
"2024/01/11","11:48","4.231","-","5.05"
"2024/01/11","11:54","4.49","-","5.28"
"2024/01/11","12:00","4.754","-","5.54"
"2024/01/11","12:06","5.02","-","5.82"
"2024/01/11","12:12","5.289","-","6.07"
"2024/01/11","12:18","5.559","-","6.38"
"2024/01/11","12:24","5.83","-","6.66"
"2024/01/11","12:30","6.101","-","6.94"
"2024/01/11","12:36","6.37","-","7.2"
"2024/01/11","12:42","6.638","-","7.5"
"2024/01/11","12:48","6.902","-","7.81"
"2024/01/11","12:54","7.163","-","8.09"
"2024/01/11","13:00","7.419","-","8.38"
"2024/01/11","13:06","7.67","-","8.65"
"2024/01/11","13:12","7.915","-","8.94"
"2024/01/11","13:18","8.152","-","9.15"
"2024/01/11","13:24","8.382","-","9.41"
"2024/01/11","13:30","8.604","-","9.64"
"2024/01/11","13:36","8.817","-","9.89"
"2024/01/11","13:42","9.02","-","10.05"
"2024/01/11","13:48","9.214","-","10.27"
"2024/01/11","13:54","9.397","-","10.43"
"2024/01/11","14:00","9.569","-","10.61"
"2024/01/11","14:06","9.731","-","10.75"
"2024/01/11","14:12","9.881","-","10.88"
"2024/01/11","14:18","10.02","-","11"
"2024/01/11","14:24","10.148","-","11.13"
"2024/01/11","14:30","10.264","-","11.23"
"2024/01/11","14:36","10.368","-","11.3"
"2024/01/11","14:42","10.46","-","11.39"
"2024/01/11","14:48","10.54","-","11.43"
"2024/01/11","14:54","10.608","-","11.48"
"2024/01/11","15:00","10.665","-","11.52"
"2024/01/11","15:06","10.709","-","11.6"
"2024/01/11","15:12","10.742","-","11.61"
"2024/01/11","15:18","10.762","-","11.63"
"2024/01/11","15:24","10.771","-","11.67"
"2024/01/11","15:30","10.767","-","11.67"
"2024/01/11","15:36","10.752","-","11.66"
"2024/01/11","15:42","10.725","-","11.67"
"2024/01/11","15:48","10.685","-","11.69"
"2024/01/11","15:54","10.634","-","11.65"
"2024/01/11","16:00","10.57","-","11.56"
"2024/01/11","16:06","10.495","-","11.53"
"2024/01/11","16:12","10.407","-","11.41"
"2024/01/11","16:18","10.307","-","11.38"
"2024/01/11","16:24","10.196","-","11.26"
"2024/01/11","16:30","10.072","-","11.19"
"2024/01/11","16:36","9.937","-","11.01"
"2024/01/11","16:42","9.79","-","10.89"
"2024/01/11","16:48","9.632","-","10.74"
"2024/01/11","16:54","9.462","-","10.6"
"2024/01/11","17:00","9.282","-","10.43"
"2024/01/11","17:06","9.09","-","10.22"
"2024/01/11","17:12","8.888","-","9.99"
"2024/01/11","17:18","8.676","-","9.75"
"2024/01/11","17:24","8.454","-","9.51"
"2024/01/11","17:30","8.223","-","9.28"
"2024/01/11","17:36","7.984","-","9.04"
"2024/01/11","17:42","7.735","-","8.76"
"2024/01/11","17:48","7.48","-","8.51"
"2024/01/11","17:54","7.217","-","8.26"
"2024/01/11","18:00","6.948","-","7.97"
"2024/01/11","18:06","6.672","-","7.71"
"2024/01/11","18:12","6.392","-","7.44"
"2024/01/11","18:18","6.108","-","7.17"
"2024/01/11","18:24","5.819","-","6.85"
"2024/01/11","18:30","5.528","-","6.56"
"2024/01/11","18:36","5.234","-","6.27"
"2024/01/11","18:42","4.939","-","5.97"
"2024/01/11","18:48","4.644","-","5.7"
"2024/01/11","18:54","4.349","-","5.39"
"2024/01/11","19:00","4.054","-","5.13"
"2024/01/11","19:06","3.762","-","4.82"
"2024/01/11","19:12","3.472","-","4.54"
"2024/01/11","19:18","3.185","-","4.27"
"2024/01/11","19:24","2.903","-","3.99"
"2024/01/11","19:30","2.625","-","3.71"
"2024/01/11","19:36","2.354","-","3.43"
"2024/01/11","19:42","2.088","-","3.18"
"2024/01/11","19:48","1.83","-","2.89"
"2024/01/11","19:54","1.58","-","2.64"
"2024/01/11","20:00","1.339","-","2.34"
"2024/01/11","20:06","1.106","-","2.08"
"2024/01/11","20:12","0.884","-","1.86"
"2024/01/11","20:18","0.672","-","1.62"
"2024/01/11","20:24","0.47","-","1.43"
"2024/01/11","20:30","0.281","-","1.22"
"2024/01/11","20:36","0.102","-","1.05"
"2024/01/11","20:42","-0.064","-","0.88"
"2024/01/11","20:48","-0.217","-","0.74"
"2024/01/11","20:54","-0.358","-","0.66"
"2024/01/11","21:00","-0.485","-","0.55"
"2024/01/11","21:06","-0.6","-","0.48"
"2024/01/11","21:12","-0.701","-","0.41"
"2024/01/11","21:18","-0.789","-","0.34"
"2024/01/11","21:24","-0.863","-","0.26"
"2024/01/11","21:30","-0.924","-","0.24"
"2024/01/11","21:36","-0.971","-","0.2"
"2024/01/11","21:42","-1.005","-","0.14"
"2024/01/11","21:48","-1.026","-","0.17"
"2024/01/11","21:54","-1.033","-","0.17"
"2024/01/11","22:00","-1.028","-","0.2"
"2024/01/11","22:06","-1.009","-","0.22"
"2024/01/11","22:12","-0.978","-","0.27"
"2024/01/11","22:18","-0.933","-","0.31"
"2024/01/11","22:24","-0.877","-","0.34"
"2024/01/11","22:30","-0.808","-","0.37"
"2024/01/11","22:36","-0.726","-","0.46"
"2024/01/11","22:42","-0.633","-","0.54"
"2024/01/11","22:48","-0.528","-","0.61"
"2024/01/11","22:54","-0.411","-","0.71"
"2024/01/11","23:00","-0.283","-","0.86"
"2024/01/11","23:06","-0.144","-","0.96"
"2024/01/11","23:12","0.006","-","1.08"
"2024/01/11","23:18","0.167","-","1.23"
"2024/01/11","23:24","0.338","-","1.4"
"2024/01/11","23:30","0.52","-","1.55"
"2024/01/11","23:36","0.711","-","1.74"
"2024/01/11","23:42","0.912","-","1.94"
"2024/01/11","23:48","1.122","-","2.14"
"2024/01/11","23:54","1.34","-","2.37"
"2024/01/12","00:00","1.566","-","2.64"
"2024/01/12","00:06","1.8","-","2.87"
"2024/01/12","00:12","2.04","-","3.15"
"2024/01/12","00:18","2.286","-","3.42"
"2024/01/12","00:24","2.538","-","3.64"
"2024/01/12","00:30","2.795","-","3.94"
"2024/01/12","00:36","3.056","-","4.19"
"2024/01/12","00:42","3.319","-","4.45"
"2024/01/12","00:48","3.585","-","4.75"
"2024/01/12","00:54","3.852","-","5.02"
"2024/01/12","01:00","4.12","-","5.32"
"2024/01/12","01:06","4.387","-","5.58"
"2024/01/12","01:12","4.653","-","5.85"
"2024/01/12","01:18","4.916","-","6.09"
"2024/01/12","01:24","5.177","-","6.35"
"2024/01/12","01:30","5.434","-","6.62"
"2024/01/12","01:36","5.686","-","6.88"
"2024/01/12","01:42","5.933","-","7.13"
"2024/01/12","01:48","6.174","-","7.35"
"2024/01/12","01:54","6.408","-","7.6"
"2024/01/12","02:00","6.634","-","7.81"
"2024/01/12","02:06","6.853","-","8.05"
"2024/01/12","02:12","7.063","-","8.26"
"2024/01/12","02:18","7.265","-","8.47"
"2024/01/12","02:24","7.457","-","8.64"
"2024/01/12","02:30","7.64","-","8.83"
"2024/01/12","02:36","7.813","-","9.01"
"2024/01/12","02:42","7.976","-","9.18"
"2024/01/12","02:48","8.129","-","9.32"
"2024/01/12","02:54","8.272","-","9.47"
"2024/01/12","03:00","8.404","-","9.6"
"2024/01/12","03:06","8.525","-","9.7"
"2024/01/12","03:12","8.636","-","9.81"
"2024/01/12","03:18","8.736","-","9.91"
"2024/01/12","03:24","8.825","-","9.99"
"2024/01/12","03:30","8.903","-","10.06"
"2024/01/12","03:36","8.971","-","10.13"
"2024/01/12","03:42","9.027","-","10.17"
"2024/01/12","03:48","9.072","-","10.18"
"2024/01/12","03:54","9.106","-","10.2"
"2024/01/12","04:00","9.129","-","10.21"
"2024/01/12","04:06","9.14","-","10.23"
"2024/01/12","04:12","9.14","-","10.21"
"2024/01/12","04:18","9.129","-","10.18"
"2024/01/12","04:24","9.106","-","10.12"
"2024/01/12","04:30","9.071","-","10.09"
"2024/01/12","04:36","9.025","-","10.04"
"2024/01/12","04:42","8.967","-","10.01"
"2024/01/12","04:48","8.898","-","9.93"
"2024/01/12","04:54","8.817","-","9.84"
"2024/01/12","05:00","8.724","-","9.71"
"2024/01/12","05:06","8.62","-","9.63"
"2024/01/12","05:12","8.505","-","9.52"
"2024/01/12","05:18","8.378","-","9.4"
"2024/01/12","05:24","8.241","-","9.26"
"2024/01/12","05:30","8.092","-","9.11"
"2024/01/12","05:36","7.934","-","8.94"
"2024/01/12","05:42","7.765","-","8.74"
"2024/01/12","05:48","7.586","-","8.56"
"2024/01/12","05:54","7.398","-","8.36"
"2024/01/12","06:00","7.202","-","8.15"
"2024/01/12","06:06","6.997","-","7.93"
"2024/01/12","06:12","6.785","-","7.7"
"2024/01/12","06:18","6.565","-","7.47"
"2024/01/12","06:24","6.339","-","7.22"
"2024/01/12","06:30","6.107","-","6.95"
"2024/01/12","06:36","5.87","-","6.7"
"2024/01/12","06:42","5.628","-","6.46"
"2024/01/12","06:48","5.383","-","6.2"
"2024/01/12","06:54","5.135","-","5.93"
"2024/01/12","07:00","4.885","-","5.66"
"2024/01/12","07:06","4.634","-","5.39"
"2024/01/12","07:12","4.381","-","5.14"
"2024/01/12","07:18","4.13","-","4.85"
"2024/01/12","07:24","3.879","-","4.6"
"2024/01/12","07:30","3.63","-","4.35"
"2024/01/12","07:36","3.383","-","4.08"
"2024/01/12","07:42","3.14","-","3.82"
"2024/01/12","07:48","2.902","-","3.59"
"2024/01/12","07:54","2.668","-","3.34"
"2024/01/12","08:00","2.44","-","3.12"
"2024/01/12","08:06","2.219","-","2.89"
"2024/01/12","08:12","2.005","-","2.69"
"2024/01/12","08:18","1.799","-","2.48"
"2024/01/12","08:24","1.601","-","2.28"
"2024/01/12","08:30","1.413","-","2.1"
"2024/01/12","08:36","1.234","-","1.88"
"2024/01/12","08:42","1.066","-","1.7"
"2024/01/12","08:48","0.909","-","1.56"
"2024/01/12","08:54","0.763","-","1.41"
"2024/01/12","09:00","0.629","-","1.27"
"2024/01/12","09:06","0.508","-","1.16"
"2024/01/12","09:12","0.399","-","1.08"
"2024/01/12","09:18","0.302","-","0.98"
"2024/01/12","09:24","0.219","-","0.89"
"2024/01/12","09:30","0.149","-","0.84"
"2024/01/12","09:36","0.092","-","0.79"
"2024/01/12","09:42","0.049","-","0.71"
"2024/01/12","09:48","0.019","-","0.68"
"2024/01/12","09:54","0.003","-","0.69"
"2024/01/12","10:00","0.001","-","0.68"
"2024/01/12","10:06","0.011","-","0.67"
"2024/01/12","10:12","0.036","-","0.68"
"2024/01/12","10:18","0.073","-","0.71"
"2024/01/12","10:24","0.123","-","0.72"
"2024/01/12","10:30","0.187","-","0.76"
"2024/01/12","10:36","0.263","-","0.85"
"2024/01/12","10:42","0.352","-","0.93"
"2024/01/12","10:48","0.453","-","1.06"
"2024/01/12","10:54","0.566","-","1.18"
"2024/01/12","11:00","0.691","-","1.25"
"2024/01/12","11:06","0.828","-","1.37"
"2024/01/12","11:12","0.976","-","1.51"
"2024/01/12","11:18","1.136","-","1.64"
"2024/01/12","11:24","1.306","-","1.78"
"2024/01/12","11:30","1.487","-","1.98"
"2024/01/12","11:36","1.679","-","2.14"
"2024/01/12","11:42","1.88","-","2.32"
"2024/01/12","11:48","2.091","-","2.55"
"2024/01/12","11:54","2.312","-","2.78"
"2024/01/12","12:00","2.541","-","3.03"
"2024/01/12","12:06","2.779","-","3.28"
"2024/01/12","12:12","3.025","-","3.56"
"2024/01/12","12:18","3.278","-","3.82"
"2024/01/12","12:24","3.537","-","4.08"
"2024/01/12","12:30","3.803","-","4.36"
"2024/01/12","12:36","4.075","-","4.64"
"2024/01/12","12:42","4.351","-","4.93"
"2024/01/12","12:48","4.631","-","5.21"
"2024/01/12","12:54","4.914","-","5.49"
"2024/01/12","13:00","5.2","-","5.78"
"2024/01/12","13:06","5.487","-","6.09"
"2024/01/12","13:12","5.775","-","6.38"
"2024/01/12","13:18","6.063","-","6.72"
"2024/01/12","13:24","6.349","-","7"
"2024/01/12","13:30","6.633","-","7.3"
"2024/01/12","13:36","6.914","-","7.59"
"2024/01/12","13:42","7.191","-","7.87"
"2024/01/12","13:48","7.463","-","8.16"
"2024/01/12","13:54","7.73","-","8.4"
"2024/01/12","14:00","7.99","-","8.64"
"2024/01/12","14:06","8.243","-","8.88"
"2024/01/12","14:12","8.488","-","9.12"
"2024/01/12","14:18","8.724","-","9.34"
"2024/01/12","14:24","8.951","-","9.57"
"2024/01/12","14:30","9.169","-","9.77"
"2024/01/12","14:36","9.376","-","9.99"
"2024/01/12","14:42","9.572","-","10.18"
"2024/01/12","14:48","9.758","-","10.38"
"2024/01/12","14:54","9.931","-","10.56"
"2024/01/12","15:00","10.094","-","10.7"
"2024/01/12","15:06","10.244","-","10.88"
"2024/01/12","15:12","10.382","-","11.01"
"2024/01/12","15:18","10.508","-","11.12"
"2024/01/12","15:24","10.622","-","11.23"
"2024/01/12","15:30","10.724","-","11.36"
"2024/01/12","15:36","10.812","-","11.44"
"2024/01/12","15:42","10.889","-","11.51"
"2024/01/12","15:48","10.952","-","11.57"
"2024/01/12","15:54","11.003","-","11.65"
"2024/01/12","16:00","11.041","-","11.67"
"2024/01/12","16:06","11.067","-","11.68"
"2024/01/12","16:12","11.08","-","11.7"
"2024/01/12","16:18","11.08","-","11.66"
"2024/01/12","16:24","11.067","-","11.63"
"2024/01/12","16:30","11.041","-","11.52"
"2024/01/12","16:36","11.002","-","11.48"
"2024/01/12","16:42","10.951","-","11.42"
"2024/01/12","16:48","10.886","-","11.36"
"2024/01/12","16:54","10.809","-","11.29"
"2024/01/12","17:00","10.718","-","11.2"
"2024/01/12","17:06","10.615","-","11.06"
"2024/01/12","17:12","10.498","-","10.93"
"2024/01/12","17:18","10.369","-","10.85"
"2024/01/12","17:24","10.228","-","10.72"
"2024/01/12","17:30","10.073","-","10.55"
"2024/01/12","17:36","9.907","-","10.41"
"2024/01/12","17:42","9.728","-","10.22"
"2024/01/12","17:48","9.537","-","9.97"
"2024/01/12","17:54","9.335","-","9.78"
"2024/01/12","18:00","9.122","-","9.57"
"2024/01/12","18:06","8.898","-","9.36"
"2024/01/12","18:12","8.663","-","9.18"
"2024/01/12","18:18","8.419","-","8.92"
"2024/01/12","18:24","8.166","-","8.67"
"2024/01/12","18:30","7.904","-","8.38"
"2024/01/12","18:36","7.634","-","8.11"
"2024/01/12","18:42","7.356","-","7.79"
"2024/01/12","18:48","7.072","-","7.53"
"2024/01/12","18:54","6.782","-","7.22"
"2024/01/12","19:00","6.486","-","6.89"
"2024/01/12","19:06","6.186","-","6.51"
"2024/01/12","19:12","5.882","-","6.23"
"2024/01/12","19:18","5.575","-","5.87"
"2024/01/12","19:24","5.266","-","5.52"
"2024/01/12","19:30","4.956","-","5.15"
"2024/01/12","19:36","4.645","-","4.86"
"2024/01/12","19:42","4.335","-","4.54"
"2024/01/12","19:48","4.025","-","4.17"
"2024/01/12","19:54","3.718","-","3.87"
"2024/01/12","20:00","3.413","-","3.59"
"2024/01/12","20:06","3.112","-","3.26"
"2024/01/12","20:12","2.816","-","2.95"
"2024/01/12","20:18","2.524","-","2.68"
"2024/01/12","20:24","2.239","-","2.42"
"2024/01/12","20:30","1.96","-","2.18"
"2024/01/12","20:36","1.689","-","1.94"
"2024/01/12","20:42","1.426","-","1.7"
"2024/01/12","20:48","1.172","-","1.46"
"2024/01/12","20:54","0.928","-","1.2"
"2024/01/12","21:00","0.693","-","0.94"
"2024/01/12","21:06","0.469","-","0.73"
"2024/01/12","21:12","0.257","-","0.51"
"2024/01/12","21:18","0.057","-","0.31"
"2024/01/12","21:24","-0.132","-","0.14"
"2024/01/12","21:30","-0.307","-","-0.04"
"2024/01/12","21:36","-0.47","-","-0.23"
"2024/01/12","21:42","-0.619","-","-0.36"
"2024/01/12","21:48","-0.754","-","-0.51"
"2024/01/12","21:54","-0.876","-","-0.6"
"2024/01/12","22:00","-0.983","-","-0.69"
"2024/01/12","22:06","-1.076","-","-0.76"
"2024/01/12","22:12","-1.155","-","-0.83"
"2024/01/12","22:18","-1.22","-","-0.89"
"2024/01/12","22:24","-1.27","-","-0.95"
"2024/01/12","22:30","-1.306","-","-0.98"
"2024/01/12","22:36","-1.327","-","-0.97"
"2024/01/12","22:42","-1.335","-","-0.96"
"2024/01/12","22:48","-1.328","-","-0.94"
"2024/01/12","22:54","-1.307","-","-0.85"
"2024/01/12","23:00","-1.273","-","-0.85"
"2024/01/12","23:06","-1.224","-","-0.76"
"2024/01/12","23:12","-1.163","-","-0.66"
"2024/01/12","23:18","-1.088","-","-0.56"
"2024/01/12","23:24","-1","-","-0.38"
"2024/01/12","23:30","-0.899","-","-0.25"
"2024/01/12","23:36","-0.785","-","-0.09"
"2024/01/12","23:42","-0.659","-","0.07"
"2024/01/12","23:48","-0.521","-","0.23"
"2024/01/12","23:54","-0.371","-","0.35"
"2024/01/13","00:00","-0.209","-","0.51"
"2024/01/13","00:06","-0.036","-","0.68"
"2024/01/13","00:12","0.148","-","0.88"
"2024/01/13","00:18","0.342","-","1.06"
"2024/01/13","00:24","0.547","-","1.25"
"2024/01/13","00:30","0.761","-","1.51"
"2024/01/13","00:36","0.984","-","1.67"
"2024/01/13","00:42","1.217","-","2"
"2024/01/13","00:48","1.457","-","2.25"
"2024/01/13","00:54","1.705","-","2.53"
"2024/01/13","01:00","1.96","-","2.85"
"2024/01/13","01:06","2.221","-","3.16"
"2024/01/13","01:12","2.488","-","3.48"
"2024/01/13","01:18","2.759","-","3.74"
"2024/01/13","01:24","3.034","-","4.05"
"2024/01/13","01:30","3.312","-","4.38"
"2024/01/13","01:36","3.592","-","4.66"
"2024/01/13","01:42","3.874","-","4.95"
"2024/01/13","01:48","4.156","-","5.24"
"2024/01/13","01:54","4.437","-","5.51"
"2024/01/13","02:00","4.717","-","5.84"
"2024/01/13","02:06","4.995","-","6.08"
"2024/01/13","02:12","5.27","-","6.43"
"2024/01/13","02:18","5.54","-","6.69"
"2024/01/13","02:24","5.806","-","7.03"
"2024/01/13","02:30","6.067","-","7.36"
"2024/01/13","02:36","6.321","-","7.61"
"2024/01/13","02:42","6.568","-","7.91"
"2024/01/13","02:48","6.808","-","8.17"
"2024/01/13","02:54","7.039","-","8.41"
"2024/01/13","03:00","7.262","-","8.61"
"2024/01/13","03:06","7.476","-","8.8"
"2024/01/13","03:12","7.68","-","9.01"
"2024/01/13","03:18","7.874","-","9.16"
"2024/01/13","03:24","8.059","-","9.35"
"2024/01/13","03:30","8.232","-","9.47"
"2024/01/13","03:36","8.395","-","9.71"
"2024/01/13","03:42","8.547","-","9.85"
"2024/01/13","03:48","8.688","-","10.07"
"2024/01/13","03:54","8.818","-","10.16"
"2024/01/13","04:00","8.937","-","10.35"
"2024/01/13","04:06","9.044","-","10.4"
"2024/01/13","04:12","9.139","-","10.58"
"2024/01/13","04:18","9.223","-","10.68"
"2024/01/13","04:24","9.295","-","10.81"
"2024/01/13","04:30","9.356","-","10.81"
"2024/01/13","04:36","9.404","-","10.87"
"2024/01/13","04:42","9.441","-","10.88"
"2024/01/13","04:48","9.465","-","10.93"
"2024/01/13","04:54","9.477","-","10.92"
"2024/01/13","05:00","9.477","-","10.93"
"2024/01/13","05:06","9.465","-","10.96"
"2024/01/13","05:12","9.44","-","11.02"
"2024/01/13","05:18","9.403","-","10.93"
"2024/01/13","05:24","9.353","-","10.89"
"2024/01/13","05:30","9.291","-","10.86"
"2024/01/13","05:36","9.216","-","10.76"
"2024/01/13","05:42","9.129","-","10.67"
"2024/01/13","05:48","9.03","-","10.57"
"2024/01/13","05:54","8.918","-","10.48"
"2024/01/13","06:00","8.795","-","10.21"
"2024/01/13","06:06","8.66","-","10.16"
"2024/01/13","06:12","8.513","-","9.94"
"2024/01/13","06:18","8.355","-","9.83"
"2024/01/13","06:24","8.186","-","9.66"
"2024/01/13","06:30","8.006","-","9.48"
"2024/01/13","06:36","7.817","-","9.25"
"2024/01/13","06:42","7.617","-","9.04"
"2024/01/13","06:48","7.409","-","8.98"
"2024/01/13","06:54","7.192","-","8.62"
"2024/01/13","07:00","6.967","-","8.43"
"2024/01/13","07:06","6.735","-","8.15"
"2024/01/13","07:12","6.497","-","7.94"
"2024/01/13","07:18","6.252","-","7.52"
"2024/01/13","07:24","6.002","-","7.41"
"2024/01/13","07:30","5.747","-","7.22"
"2024/01/13","07:36","5.489","-","6.8"
"2024/01/13","07:42","5.228","-","6.43"
"2024/01/13","07:48","4.964","-","6.24"
"2024/01/13","07:54","4.7","-","5.85"
"2024/01/13","08:00","4.434","-","5.59"
"2024/01/13","08:06","4.169","-","5.56"
"2024/01/13","08:12","3.904","-","5.34"
"2024/01/13","08:18","3.642","-","4.88"
"2024/01/13","08:24","3.382","-","4.6"
"2024/01/13","08:30","3.126","-","4.46"
"2024/01/13","08:36","2.873","-","4.23"
"2024/01/13","08:42","2.626","-","4.01"
"2024/01/13","08:48","2.385","-","3.88"
"2024/01/13","08:54","2.15","-","3.7"
"2024/01/13","09:00","1.922","-","3.54"
"2024/01/13","09:06","1.702","-","3.36"
"2024/01/13","09:12","1.491","-","3.1"
"2024/01/13","09:18","1.289","-","2.94"
"2024/01/13","09:24","1.098","-","2.76"
"2024/01/13","09:30","0.917","-","2.47"
"2024/01/13","09:36","0.747","-","2.41"
"2024/01/13","09:42","0.588","-","2.22"
"2024/01/13","09:48","0.442","-","2.08"
"2024/01/13","09:54","0.308","-","1.93"
"2024/01/13","10:00","0.188","-","1.76"
"2024/01/13","10:06","0.08","-","1.74"
"2024/01/13","10:12","-0.014","-","1.68"
"2024/01/13","10:18","-0.094","-","1.59"
"2024/01/13","10:24","-0.16","-","1.63"
"2024/01/13","10:30","-0.212","-","1.65"
"2024/01/13","10:36","-0.249","-","1.64"
"2024/01/13","10:42","-0.273","-","1.6"
"2024/01/13","10:48","-0.282","-","1.61"
"2024/01/13","10:54","-0.277","-","1.59"
"2024/01/13","11:00","-0.257","-","1.66"
"2024/01/13","11:06","-0.224","-","1.72"
"2024/01/13","11:12","-0.176","-","1.75"
"2024/01/13","11:18","-0.115","-","1.84"
"2024/01/13","11:24","-0.041","-","1.91"
"2024/01/13","11:30","0.047","-","1.93"
"2024/01/13","11:36","0.149","-","2.09"
"2024/01/13","11:42","0.263","-","2.16"
"2024/01/13","11:48","0.389","-","2.32"
"2024/01/13","11:54","0.529","-","2.56"
"2024/01/13","12:00","0.68","-","2.77"
"2024/01/13","12:06","0.843","-","3.03"
"2024/01/13","12:12","1.017","-","3.18"
"2024/01/13","12:18","1.203","-","3.35"
"2024/01/13","12:24","1.399","-","3.66"
"2024/01/13","12:30","1.606","-","3.84"
"2024/01/13","12:36","1.823","-","4"
"2024/01/13","12:42","2.049","-","4.31"
"2024/01/13","12:48","2.285","-","4.54"
"2024/01/13","12:54","2.529","-","4.77"
"2024/01/13","13:00","2.781","-","5.03"
"2024/01/13","13:06","3.041","-","5.37"
"2024/01/13","13:12","3.308","-","5.66"
"2024/01/13","13:18","3.582","-","6.02"
"2024/01/13","13:24","3.86","-","6.35"
"2024/01/13","13:30","4.144","-","6.7"
"2024/01/13","13:36","4.432","-","7.09"
"2024/01/13","13:42","4.724","-","7.37"
"2024/01/13","13:48","5.018","-","7.76"
"2024/01/13","13:54","5.313","-","8.09"
"2024/01/13","14:00","5.61","-","8.5"
"2024/01/13","14:06","5.906","-","8.73"
"2024/01/13","14:12","6.201","-","8.97"
"2024/01/13","14:18","6.495","-","9.24"
"2024/01/13","14:24","6.785","-","9.54"
"2024/01/13","14:30","7.072","-","9.89"
"2024/01/13","14:36","7.354","-","10.16"
"2024/01/13","14:42","7.631","-","10.44"
"2024/01/13","14:48","7.901","-","10.71"
"2024/01/13","14:54","8.165","-","10.94"
"2024/01/13","15:00","8.421","-","11.22"
"2024/01/13","15:06","8.668","-","11.56"
"2024/01/13","15:12","8.906","-","11.74"
"2024/01/13","15:18","9.134","-","11.96"
"2024/01/13","15:24","9.352","-","12.23"
"2024/01/13","15:30","9.56","-","12.47"
"2024/01/13","15:36","9.756","-","12.57"
"2024/01/13","15:42","9.941","-","12.82"
"2024/01/13","15:48","10.114","-","13.08"
"2024/01/13","15:54","10.275","-","13.22"
"2024/01/13","16:00","10.423","-","13.47"
"2024/01/13","16:06","10.559","-","13.75"
"2024/01/13","16:12","10.682","-","13.74"
"2024/01/13","16:18","10.793","-","13.92"
"2024/01/13","16:24","10.89","-","14.17"
"2024/01/13","16:30","10.974","-","14.29"
"2024/01/13","16:36","11.046","-","14.34"
"2024/01/13","16:42","11.103","-","14.37"
"2024/01/13","16:48","11.148","-","14.48"
"2024/01/13","16:54","11.179","-","14.48"
"2024/01/13","17:00","11.197","-","14.55"
"2024/01/13","17:06","11.202","-","14.57"
"2024/01/13","17:12","11.192","-","14.56"
"2024/01/13","17:18","11.17","-","14.52"
"2024/01/13","17:24","11.134","-","14.51"
"2024/01/13","17:30","11.084","-","14.43"
"2024/01/13","17:36","11.021","-","14.3"
"2024/01/13","17:42","10.944","-","14.3"
"2024/01/13","17:48","10.853","-","14.14"
"2024/01/13","17:54","10.75","-","14"
"2024/01/13","18:00","10.632","-","13.87"
"2024/01/13","18:06","10.502","-","13.72"
"2024/01/13","18:12","10.358","-","13.42"
"2024/01/13","18:18","10.202","-","13.28"
"2024/01/13","18:24","10.033","-","13.12"
"2024/01/13","18:30","9.851","-","12.9"
"2024/01/13","18:36","9.657","-","12.76"
"2024/01/13","18:42","9.452","-","12.57"
"2024/01/13","18:48","9.235","-","12.3"
"2024/01/13","18:54","9.007","-","12.09"
"2024/01/13","19:00","8.769","-","11.92"
"2024/01/13","19:06","8.52","-","11.61"
"2024/01/13","19:12","8.262","-","11.32"
"2024/01/13","19:18","7.996","-","11.09"
"2024/01/13","19:24","7.721","-","10.72"
"2024/01/13","19:30","7.439","-","10.3"
"2024/01/13","19:36","7.15","-","9.95"
"2024/01/13","19:42","6.854","-","9.65"
"2024/01/13","19:48","6.554","-","9.28"
"2024/01/13","19:54","6.248","-","8.99"
"2024/01/13","20:00","5.939","-","8.63"
"2024/01/13","20:06","5.627","-","8.26"
"2024/01/13","20:12","5.312","-","7.85"
"2024/01/13","20:18","4.996","-","7.6"
"2024/01/13","20:24","4.679","-","7.28"
"2024/01/13","20:30","4.363","-","7.03"
"2024/01/13","20:36","4.047","-","6.68"
"2024/01/13","20:42","3.733","-","6.37"
"2024/01/13","20:48","3.422","-","6"
"2024/01/13","20:54","3.114","-","5.72"
"2024/01/13","21:00","2.81","-","5.37"
"2024/01/13","21:06","2.512","-","5.11"
"2024/01/13","21:12","2.219","-","4.74"
"2024/01/13","21:18","1.933","-","4.48"
"2024/01/13","21:24","1.654","-","4.24"
"2024/01/13","21:30","1.384","-","3.94"
"2024/01/13","21:36","1.122","-","3.79"
"2024/01/13","21:42","0.87","-","3.5"
"2024/01/13","21:48","0.628","-","3.25"
"2024/01/13","21:54","0.397","-","2.95"
"2024/01/13","22:00","0.177","-","2.65"
"2024/01/13","22:06","-0.031","-","2.34"
"2024/01/13","22:12","-0.226","-","2.09"
"2024/01/13","22:18","-0.408","-","1.81"
"2024/01/13","22:24","-0.577","-","1.63"
"2024/01/13","22:30","-0.731","-","1.44"
"2024/01/13","22:36","-0.872","-","1.19"
"2024/01/13","22:42","-0.998","-","0.98"
"2024/01/13","22:48","-1.11","-","0.86"
"2024/01/13","22:54","-1.207","-","0.7"
"2024/01/13","23:00","-1.289","-","0.57"
"2024/01/13","23:06","-1.355","-","0.52"
"2024/01/13","23:12","-1.407","-","0.49"
"2024/01/13","23:18","-1.444","-","0.45"
"2024/01/13","23:24","-1.466","-","0.35"
"2024/01/13","23:30","-1.473","-","0.31"
"2024/01/13","23:36","-1.465","-","0.31"
"2024/01/13","23:42","-1.443","-","0.29"
"2024/01/13","23:48","-1.406","-","0.28"
"2024/01/13","23:54","-1.355","-","0.34"
"2024/01/14","00:00","-1.29","-","0.44"
"2024/01/14","00:06","-1.211","-","0.49"
"2024/01/14","00:12","-1.119","-","0.58"
"2024/01/14","00:18","-1.013","-","0.74"
"2024/01/14","00:24","-0.895","-","0.89"
"2024/01/14","00:30","-0.763","-","0.99"
"2024/01/14","00:36","-0.62","-","1.12"
"2024/01/14","00:42","-0.464","-","1.2"
"2024/01/14","00:48","-0.296","-","1.3"
"2024/01/14","00:54","-0.117","-","1.44"
"2024/01/14","01:00","0.073","-","1.58"
"2024/01/14","01:06","0.274","-","1.76"
"2024/01/14","01:12","0.484","-","1.93"
"2024/01/14","01:18","0.705","-","2.14"
"2024/01/14","01:24","0.935","-","2.31"
"2024/01/14","01:30","1.174","-","2.5"
"2024/01/14","01:36","1.421","-","2.75"
"2024/01/14","01:42","1.676","-","2.99"
"2024/01/14","01:48","1.938","-","3.19"
"2024/01/14","01:54","2.206","-","3.49"
"2024/01/14","02:00","2.48","-","3.8"
"2024/01/14","02:06","2.758","-","4.08"
"2024/01/14","02:12","3.041","-","4.38"
"2024/01/14","02:18","3.326","-","4.66"
"2024/01/14","02:24","3.615","-","4.98"
"2024/01/14","02:30","3.904","-","5.28"
"2024/01/14","02:36","4.195","-","5.59"
"2024/01/14","02:42","4.485","-","5.92"
"2024/01/14","02:48","4.774","-","6.21"
"2024/01/14","02:54","5.061","-","6.53"
"2024/01/14","03:00","5.345","-","6.8"
"2024/01/14","03:06","5.625","-","7.1"
"2024/01/14","03:12","5.9","-","7.4"
"2024/01/14","03:18","6.171","-","7.62"
"2024/01/14","03:24","6.435","-","7.89"
"2024/01/14","03:30","6.692","-","8.13"
"2024/01/14","03:36","6.942","-","8.41"
"2024/01/14","03:42","7.184","-","8.63"
"2024/01/14","03:48","7.416","-","8.85"
"2024/01/14","03:54","7.64","-","9.06"
"2024/01/14","04:00","7.854","-","9.24"
"2024/01/14","04:06","8.058","-","9.41"
"2024/01/14","04:12","8.251","-","9.62"
"2024/01/14","04:18","8.434","-","9.8"
"2024/01/14","04:24","8.606","-","9.96"
"2024/01/14","04:30","8.766","-","10.04"
"2024/01/14","04:36","8.914","-","10.15"
"2024/01/14","04:42","9.051","-","10.28"
"2024/01/14","04:48","9.176","-","10.41"
"2024/01/14","04:54","9.289","-","10.52"
"2024/01/14","05:00","9.39","-","10.61"
"2024/01/14","05:06","9.479","-","10.63"
"2024/01/14","05:12","9.555","-","10.68"
"2024/01/14","05:18","9.618","-","10.76"
"2024/01/14","05:24","9.67","-","10.8"
"2024/01/14","05:30","9.708","-","10.84"
"2024/01/14","05:36","9.734","-","10.88"
"2024/01/14","05:42","9.747","-","10.91"
"2024/01/14","05:48","9.748","-","10.96"
"2024/01/14","05:54","9.736","-","11"
"2024/01/14","06:00","9.71","-","10.96"
"2024/01/14","06:06","9.672","-","10.89"
"2024/01/14","06:12","9.621","-","10.85"
"2024/01/14","06:18","9.558","-","10.81"
"2024/01/14","06:24","9.481","-","10.73"
"2024/01/14","06:30","9.392","-","10.66"
"2024/01/14","06:36","9.29","-","10.49"
"2024/01/14","06:42","9.176","-","10.38"
"2024/01/14","06:48","9.05","-","10.24"
"2024/01/14","06:54","8.911","-","10.15"
"2024/01/14","07:00","8.761","-","9.99"
"2024/01/14","07:06","8.6","-","9.82"
"2024/01/14","07:12","8.427","-","9.63"
"2024/01/14","07:18","8.244","-","9.45"
"2024/01/14","07:24","8.051","-","9.27"
"2024/01/14","07:30","7.847","-","9.06"
"2024/01/14","07:36","7.635","-","8.82"
"2024/01/14","07:42","7.414","-","8.55"
"2024/01/14","07:48","7.184","-","8.29"
"2024/01/14","07:54","6.947","-","8.07"
"2024/01/14","08:00","6.704","-","7.82"
"2024/01/14","08:06","6.454","-","7.56"
"2024/01/14","08:12","6.198","-","7.29"
"2024/01/14","08:18","5.938","-","7.03"
"2024/01/14","08:24","5.673","-","6.76"
"2024/01/14","08:30","5.405","-","6.51"
"2024/01/14","08:36","5.135","-","6.24"
"2024/01/14","08:42","4.863","-","6"
"2024/01/14","08:48","4.59","-","5.72"
"2024/01/14","08:54","4.316","-","5.47"
"2024/01/14","09:00","4.043","-","5.2"
"2024/01/14","09:06","3.772","-","4.92"
"2024/01/14","09:12","3.503","-","4.64"
"2024/01/14","09:18","3.236","-","4.35"
"2024/01/14","09:24","2.974","-","4.08"
"2024/01/14","09:30","2.716","-","3.8"
"2024/01/14","09:36","2.464","-","3.53"
"2024/01/14","09:42","2.218","-","3.24"
"2024/01/14","09:48","1.978","-","2.98"
"2024/01/14","09:54","1.747","-","2.7"
"2024/01/14","10:00","1.524","-","2.43"
"2024/01/14","10:06","1.31","-","2.2"
"2024/01/14","10:12","1.106","-","2.01"
"2024/01/14","10:18","0.913","-","1.8"
"2024/01/14","10:24","0.73","-","1.6"
"2024/01/14","10:30","0.56","-","1.42"
"2024/01/14","10:36","0.402","-","1.24"
"2024/01/14","10:42","0.256","-","1.09"
"2024/01/14","10:48","0.123","-","0.95"
"2024/01/14","10:54","0.004","-","0.81"
"2024/01/14","11:00","-0.101","-","0.69"
"2024/01/14","11:06","-0.192","-","0.57"
"2024/01/14","11:12","-0.269","-","0.45"
"2024/01/14","11:18","-0.331","-","0.4"
"2024/01/14","11:24","-0.379","-","0.34"
"2024/01/14","11:30","-0.412","-","0.28"
"2024/01/14","11:36","-0.43","-","0.28"
"2024/01/14","11:42","-0.434","-","0.27"
"2024/01/14","11:48","-0.423","-","0.28"
"2024/01/14","11:54","-0.397","-","0.29"
"2024/01/14","12:00","-0.358","-","0.32"
"2024/01/14","12:06","-0.304","-","0.39"
"2024/01/14","12:12","-0.237","-","0.44"
"2024/01/14","12:18","-0.155","-","0.51"
"2024/01/14","12:24","-0.061","-","0.59"
"2024/01/14","12:30","0.047","-","0.65"
"2024/01/14","12:36","0.168","-","0.74"
"2024/01/14","12:42","0.301","-","0.88"
"2024/01/14","12:48","0.446","-","1"
"2024/01/14","12:54","0.603","-","1.19"
"2024/01/14","13:00","0.772","-","1.38"
"2024/01/14","13:06","0.953","-","1.53"
"2024/01/14","13:12","1.144","-","1.72"
"2024/01/14","13:18","1.345","-","1.93"
"2024/01/14","13:24","1.557","-","2.14"
"2024/01/14","13:30","1.779","-","2.34"
"2024/01/14","13:36","2.01","-","2.61"
"2024/01/14","13:42","2.249","-","2.86"
"2024/01/14","13:48","2.497","-","3.11"
"2024/01/14","13:54","2.753","-","3.35"
"2024/01/14","14:00","3.017","-","3.65"
"2024/01/14","14:06","3.286","-","3.92"
"2024/01/14","14:12","3.562","-","4.17"
"2024/01/14","14:18","3.844","-","4.45"
"2024/01/14","14:24","4.13","-","4.75"
"2024/01/14","14:30","4.419","-","5.04"
"2024/01/14","14:36","4.712","-","5.31"
"2024/01/14","14:42","5.007","-","5.66"
"2024/01/14","14:48","5.304","-","5.96"
"2024/01/14","14:54","5.601","-","6.25"
"2024/01/14","15:00","5.898","-","6.55"
"2024/01/14","15:06","6.193","-","6.86"
"2024/01/14","15:12","6.486","-","7.18"
"2024/01/14","15:18","6.777","-","7.5"
"2024/01/14","15:24","7.063","-","7.8"
"2024/01/14","15:30","7.344","-","8.13"
"2024/01/14","15:36","7.62","-","8.4"
"2024/01/14","15:42","7.889","-","8.68"
"2024/01/14","15:48","8.151","-","8.95"
"2024/01/14","15:54","8.405","-","9.24"
"2024/01/14","16:00","8.65","-","9.48"
"2024/01/14","16:06","8.885","-","9.74"
"2024/01/14","16:12","9.111","-","9.95"
"2024/01/14","16:18","9.326","-","10.15"
"2024/01/14","16:24","9.53","-","10.37"
"2024/01/14","16:30","9.723","-","10.6"
"2024/01/14","16:36","9.904","-","10.78"
"2024/01/14","16:42","10.073","-","10.94"
"2024/01/14","16:48","10.23","-","11.1"
"2024/01/14","16:54","10.373","-","11.23"
"2024/01/14","17:00","10.504","-","11.33"
"2024/01/14","17:06","10.622","-","11.46"
"2024/01/14","17:12","10.727","-","11.55"
"2024/01/14","17:18","10.819","-","11.64"
"2024/01/14","17:24","10.897","-","11.72"
"2024/01/14","17:30","10.962","-","11.79"
"2024/01/14","17:36","11.013","-","11.84"
"2024/01/14","17:42","11.051","-","11.9"
"2024/01/14","17:48","11.075","-","11.93"
"2024/01/14","17:54","11.086","-","12.02"
"2024/01/14","18:00","11.083","-","12.03"
"2024/01/14","18:06","11.066","-","12.04"
"2024/01/14","18:12","11.036","-","12.03"
"2024/01/14","18:18","10.993","-","11.97"
"2024/01/14","18:24","10.935","-","11.9"
"2024/01/14","18:30","10.865","-","11.87"
"2024/01/14","18:36","10.78","-","11.78"
"2024/01/14","18:42","10.683","-","11.67"
"2024/01/14","18:48","10.572","-","11.54"
"2024/01/14","18:54","10.448","-","11.42"
"2024/01/14","19:00","10.311","-","11.28"
"2024/01/14","19:06","10.161","-","11.11"
"2024/01/14","19:12","9.999","-","10.96"
"2024/01/14","19:18","9.824","-","10.76"
"2024/01/14","19:24","9.637","-","10.59"
"2024/01/14","19:30","9.439","-","10.34"
"2024/01/14","19:36","9.229","-","10.12"
"2024/01/14","19:42","9.008","-","9.85"
"2024/01/14","19:48","8.777","-","9.6"
"2024/01/14","19:54","8.536","-","9.32"
"2024/01/14","20:00","8.285","-","9.07"
"2024/01/14","20:06","8.025","-","8.79"
"2024/01/14","20:12","7.757","-","8.55"
"2024/01/14","20:18","7.481","-","8.28"
"2024/01/14","20:24","7.198","-","7.94"
"2024/01/14","20:30","6.909","-","7.67"
"2024/01/14","20:36","6.614","-","7.41"
"2024/01/14","20:42","6.314","-","7.14"
"2024/01/14","20:48","6.009","-","6.81"
"2024/01/14","20:54","5.701","-","6.54"
"2024/01/14","21:00","5.391","-","6.25"
"2024/01/14","21:06","5.078","-","5.92"
"2024/01/14","21:12","4.764","-","5.59"
"2024/01/14","21:18","4.45","-","5.3"
"2024/01/14","21:24","4.137","-","5.01"
"2024/01/14","21:30","3.824","-","4.72"
"2024/01/14","21:36","3.514","-","4.39"
"2024/01/14","21:42","3.207","-","4.14"
"2024/01/14","21:48","2.904","-","3.83"
"2024/01/14","21:54","2.605","-","3.49"
"2024/01/14","22:00","2.312","-","3.16"
"2024/01/14","22:06","2.025","-","2.83"
"2024/01/14","22:12","1.745","-","2.53"
"2024/01/14","22:18","1.473","-","2.25"
"2024/01/14","22:24","1.21","-","2.02"
"2024/01/14","22:30","0.956","-","1.65"
"2024/01/14","22:36","0.712","-","1.38"
"2024/01/14","22:42","0.479","-","1.14"
"2024/01/14","22:48","0.258","-","0.86"
"2024/01/14","22:54","0.048","-","0.58"
"2024/01/14","23:00","-0.149","-","0.42"
"2024/01/14","23:06","-0.333","-","0.22"
"2024/01/14","23:12","-0.504","-","-0.01"
"2024/01/14","23:18","-0.661","-","-0.16"
"2024/01/14","23:24","-0.803","-","-0.3"
"2024/01/14","23:30","-0.931","-","-0.49"
"2024/01/14","23:36","-1.044","-","-0.59"
"2024/01/14","23:42","-1.142","-","-0.71"
"2024/01/14","23:48","-1.226","-","-0.78"
"2024/01/14","23:54","-1.294","-","-0.91"
"2024/01/15","00:00","-1.347","-","-0.96"
"2024/01/15","00:06","-1.385","-","-0.96"
"2024/01/15","00:12","-1.408","-","-1.01"
"2024/01/15","00:18","-1.416","-","-0.99"
"2024/01/15","00:24","-1.409","-","-0.91"
"2024/01/15","00:30","-1.388","-","-0.87"
"2024/01/15","00:36","-1.352","-","-0.8"
"2024/01/15","00:42","-1.302","-","-0.78"
"2024/01/15","00:48","-1.238","-","-0.75"
"2024/01/15","00:54","-1.161","-","-0.65"
"2024/01/15","01:00","-1.07","-","-0.58"
"2024/01/15","01:06","-0.966","-","-0.59"
"2024/01/15","01:12","-0.848","-","-0.52"
"2024/01/15","01:18","-0.719","-","-0.41"
"2024/01/15","01:24","-0.577","-","-0.39"
"2024/01/15","01:30","-0.423","-","-0.29"
"2024/01/15","01:36","-0.257","-","-0.18"
"2024/01/15","01:42","-0.08","-","-0.01"
"2024/01/15","01:48","0.108","-","0.13"
"2024/01/15","01:54","0.307","-","0.27"
"2024/01/15","02:00","0.516","-","0.51"
"2024/01/15","02:06","0.735","-","0.67"
"2024/01/15","02:12","0.963","-","0.81"
"2024/01/15","02:18","1.2","-","1"
"2024/01/15","02:24","1.446","-","1.25"
"2024/01/15","02:30","1.7","-","1.49"
"2024/01/15","02:36","1.961","-","1.82"
"2024/01/15","02:42","2.228","-","2.11"
"2024/01/15","02:48","2.502","-","2.42"
"2024/01/15","02:54","2.781","-","2.72"
"2024/01/15","03:00","3.064","-","2.98"
"2024/01/15","03:06","3.351","-","3.29"
"2024/01/15","03:12","3.641","-","3.63"
"2024/01/15","03:18","3.933","-","3.91"
"2024/01/15","03:24","4.226","-","4.19"
"2024/01/15","03:30","4.519","-","4.52"
"2024/01/15","03:36","4.811","-","4.82"
"2024/01/15","03:42","5.102","-","5.05"
"2024/01/15","03:48","5.39","-","5.33"
"2024/01/15","03:54","5.675","-","5.53"
"2024/01/15","04:00","5.956","-","5.82"
"2024/01/15","04:06","6.232","-","6.13"
"2024/01/15","04:12","6.501","-","6.39"
"2024/01/15","04:18","6.764","-","6.66"
"2024/01/15","04:24","7.02","-","6.89"
"2024/01/15","04:30","7.268","-","7.14"
"2024/01/15","04:36","7.507","-","7.38"
"2024/01/15","04:42","7.736","-","7.64"
"2024/01/15","04:48","7.956","-","7.88"
"2024/01/15","04:54","8.166","-","8.06"
"2024/01/15","05:00","8.365","-","8.17"
"2024/01/15","05:06","8.553","-","8.29"
"2024/01/15","05:12","8.73","-","8.42"
"2024/01/15","05:18","8.895","-","8.61"
"2024/01/15","05:24","9.048","-","8.83"
"2024/01/15","05:30","9.19","-","8.97"
"2024/01/15","05:36","9.319","-","9.07"
"2024/01/15","05:42","9.436","-","9.14"
"2024/01/15","05:48","9.541","-","9.28"
"2024/01/15","05:54","9.633","-","9.53"
"2024/01/15","06:00","9.713","-","9.72"
"2024/01/15","06:06","9.781","-","9.85"
"2024/01/15","06:12","9.835","-","9.86"
"2024/01/15","06:18","9.877","-","9.82"
"2024/01/15","06:24","9.907","-","9.79"
"2024/01/15","06:30","9.924","-","9.84"
"2024/01/15","06:36","9.928","-","9.82"
"2024/01/15","06:42","9.919","-","9.77"
"2024/01/15","06:48","9.897","-","9.72"
"2024/01/15","06:54","9.863","-","9.68"
"2024/01/15","07:00","9.816","-","9.6"
"2024/01/15","07:06","9.756","-","9.63"
"2024/01/15","07:12","9.684","-","9.6"
"2024/01/15","07:18","9.599","-","9.67"
"2024/01/15","07:24","9.502","-","9.64"
"2024/01/15","07:30","9.392","-","9.59"
"2024/01/15","07:36","9.271","-","9.48"
"2024/01/15","07:42","9.137","-","9.32"
"2024/01/15","07:48","8.991","-","9.14"
"2024/01/15","07:54","8.835","-","8.98"
"2024/01/15","08:00","8.667","-","8.86"
"2024/01/15","08:06","8.488","-","8.63"
"2024/01/15","08:12","8.298","-","8.44"
"2024/01/15","08:18","8.099","-","8.26"
"2024/01/15","08:24","7.89","-","8.07"
"2024/01/15","08:30","7.673","-","7.88"
"2024/01/15","08:36","7.446","-","7.76"
"2024/01/15","08:42","7.212","-","7.6"
"2024/01/15","08:48","6.97","-","7.41"
"2024/01/15","08:54","6.722","-","7.24"
"2024/01/15","09:00","6.467","-","6.98"
"2024/01/15","09:06","6.208","-","6.76"
"2024/01/15","09:12","5.943","-","6.48"
"2024/01/15","09:18","5.675","-","6.2"
"2024/01/15","09:24","5.403","-","5.9"
"2024/01/15","09:30","5.129","-","5.62"
"2024/01/15","09:36","4.853","-","5.31"
"2024/01/15","09:42","4.577","-","5.05"
"2024/01/15","09:48","4.3","-","4.76"
"2024/01/15","09:54","4.024","-","4.47"
"2024/01/15","10:00","3.75","-","4.26"
"2024/01/15","10:06","3.478","-","4.01"
"2024/01/15","10:12","3.21","-","3.76"
"2024/01/15","10:18","2.945","-","3.53"
"2024/01/15","10:24","2.686","-","3.33"
"2024/01/15","10:30","2.432","-","3.06"
"2024/01/15","10:36","2.185","-","2.84"
"2024/01/15","10:42","1.945","-","2.59"
"2024/01/15","10:48","1.713","-","2.36"
"2024/01/15","10:54","1.49","-","2.11"
"2024/01/15","11:00","1.277","-","1.85"
"2024/01/15","11:06","1.074","-","1.63"
"2024/01/15","11:12","0.881","-","1.43"
"2024/01/15","11:18","0.7","-","1.21"
"2024/01/15","11:24","0.531","-","1.03"
"2024/01/15","11:30","0.374","-","0.88"
"2024/01/15","11:36","0.23","-","0.79"
"2024/01/15","11:42","0.1","-","0.68"
"2024/01/15","11:48","-0.017","-","0.58"
"2024/01/15","11:54","-0.12","-","0.51"
"2024/01/15","12:00","-0.21","-","0.45"
"2024/01/15","12:06","-0.284","-","0.33"
"2024/01/15","12:12","-0.345","-","0.27"
"2024/01/15","12:18","-0.391","-","0.21"
"2024/01/15","12:24","-0.423","-","0.16"
"2024/01/15","12:30","-0.44","-","0.1"
"2024/01/15","12:36","-0.443","-","0.1"
"2024/01/15","12:42","-0.432","-","0.09"
"2024/01/15","12:48","-0.407","-","0.09"
"2024/01/15","12:54","-0.368","-","0.13"
"2024/01/15","13:00","-0.315","-","0.16"
"2024/01/15","13:06","-0.249","-","0.24"
"2024/01/15","13:12","-0.17","-","0.29"
"2024/01/15","13:18","-0.078","-","0.41"
"2024/01/15","13:24","0.027","-","0.52"
"2024/01/15","13:30","0.144","-","0.64"
"2024/01/15","13:36","0.273","-","0.76"
"2024/01/15","13:42","0.414","-","0.91"
"2024/01/15","13:48","0.567","-","1.09"
"2024/01/15","13:54","0.731","-","1.25"
"2024/01/15","14:00","0.906","-","1.42"
"2024/01/15","14:06","1.091","-","1.61"
"2024/01/15","14:12","1.287","-","1.79"
"2024/01/15","14:18","1.493","-","1.99"
"2024/01/15","14:24","1.708","-","2.22"
"2024/01/15","14:30","1.933","-","2.44"
"2024/01/15","14:36","2.167","-","2.67"
"2024/01/15","14:42","2.408","-","2.95"
"2024/01/15","14:48","2.658","-","3.19"
"2024/01/15","14:54","2.915","-","3.44"
"2024/01/15","15:00","3.178","-","3.71"
"2024/01/15","15:06","3.448","-","3.98"
"2024/01/15","15:12","3.723","-","4.24"
"2024/01/15","15:18","4.003","-","4.53"
"2024/01/15","15:24","4.286","-","4.79"
"2024/01/15","15:30","4.573","-","5.08"
"2024/01/15","15:36","4.861","-","5.35"
"2024/01/15","15:42","5.152","-","5.6"
"2024/01/15","15:48","5.442","-","5.88"
"2024/01/15","15:54","5.733","-","6.16"
"2024/01/15","16:00","6.022","-","6.45"
"2024/01/15","16:06","6.308","-","6.67"
"2024/01/15","16:12","6.592","-","6.97"
"2024/01/15","16:18","6.871","-","7.23"
"2024/01/15","16:24","7.145","-","7.51"
"2024/01/15","16:30","7.414","-","7.75"
"2024/01/15","16:36","7.676","-","8.05"
"2024/01/15","16:42","7.93","-","8.29"
"2024/01/15","16:48","8.177","-","8.54"
"2024/01/15","16:54","8.414","-","8.77"
"2024/01/15","17:00","8.642","-","9.03"
"2024/01/15","17:06","8.86","-","9.26"
"2024/01/15","17:12","9.068","-","9.47"
"2024/01/15","17:18","9.264","-","9.65"
"2024/01/15","17:24","9.45","-","9.85"
"2024/01/15","17:30","9.623","-","10.03"
"2024/01/15","17:36","9.785","-","10.16"
"2024/01/15","17:42","9.934","-","10.31"
"2024/01/15","17:48","10.071","-","10.46"
"2024/01/15","17:54","10.195","-","10.58"
"2024/01/15","18:00","10.306","-","10.7"
"2024/01/15","18:06","10.405","-","10.82"
"2024/01/15","18:12","10.491","-","10.91"
"2024/01/15","18:18","10.564","-","10.93"
"2024/01/15","18:24","10.624","-","11.01"
"2024/01/15","18:30","10.671","-","11.04"
"2024/01/15","18:36","10.705","-","11.03"
"2024/01/15","18:42","10.726","-","11.03"
"2024/01/15","18:48","10.734","-","11.02"
"2024/01/15","18:54","10.729","-","10.97"
"2024/01/15","19:00","10.711","-","10.89"
"2024/01/15","19:06","10.68","-","10.85"
"2024/01/15","19:12","10.636","-","10.8"
"2024/01/15","19:18","10.579","-","10.74"
"2024/01/15","19:24","10.51","-","10.66"
"2024/01/15","19:30","10.427","-","10.58"
"2024/01/15","19:36","10.332","-","10.5"
"2024/01/15","19:42","10.224","-","10.35"
"2024/01/15","19:48","10.103","-","10.25"
"2024/01/15","19:54","9.97","-","10.11"
"2024/01/15","20:00","9.825","-","9.96"
"2024/01/15","20:06","9.668","-","9.77"
"2024/01/15","20:12","9.498","-","9.57"
"2024/01/15","20:18","9.317","-","9.39"
"2024/01/15","20:24","9.125","-","9.17"
"2024/01/15","20:30","8.922","-","9"
"2024/01/15","20:36","8.708","-","8.8"
"2024/01/15","20:42","8.485","-","8.59"
"2024/01/15","20:48","8.251","-","8.32"
"2024/01/15","20:54","8.008","-","8.07"
"2024/01/15","21:00","7.757","-","7.82"
"2024/01/15","21:06","7.497","-","7.59"
"2024/01/15","21:12","7.23","-","7.3"
"2024/01/15","21:18","6.957","-","7.02"
"2024/01/15","21:24","6.676","-","6.74"
"2024/01/15","21:30","6.391","-","6.44"
"2024/01/15","21:36","6.101","-","6.1"
"2024/01/15","21:42","5.806","-","5.81"
"2024/01/15","21:48","5.509","-","5.48"
"2024/01/15","21:54","5.208","-","5.18"
"2024/01/15","22:00","4.907","-","4.9"
"2024/01/15","22:06","4.604","-","4.62"
"2024/01/15","22:12","4.301","-","4.33"
"2024/01/15","22:18","3.999","-","4.03"
"2024/01/15","22:24","3.699","-","3.73"
"2024/01/15","22:30","3.401","-","3.47"
"2024/01/15","22:36","3.107","-","3.17"
"2024/01/15","22:42","2.816","-","2.85"
"2024/01/15","22:48","2.531","-","2.57"
"2024/01/15","22:54","2.251","-","2.28"
"2024/01/15","23:00","1.978","-","2.01"
"2024/01/15","23:06","1.713","-","1.75"
"2024/01/15","23:12","1.455","-","1.48"
"2024/01/15","23:18","1.207","-","1.22"
"2024/01/15","23:24","0.968","-","0.95"
"2024/01/15","23:30","0.739","-","0.71"
"2024/01/15","23:36","0.521","-","0.51"
"2024/01/15","23:42","0.315","-","0.35"
"2024/01/15","23:48","0.121","-","0.21"
"2024/01/15","23:54","-0.061","-","0.07"
"2024/01/16","00:00","-0.23","-","-0.06"
"2024/01/16","00:06","-0.386","-","-0.15"
"2024/01/16","00:12","-0.527","-","-0.29"
"2024/01/16","00:18","-0.655","-","-0.43"
"2024/01/16","00:24","-0.769","-","-0.57"
"2024/01/16","00:30","-0.869","-","-0.64"
"2024/01/16","00:36","-0.954","-","-0.7"
"2024/01/16","00:42","-1.024","-","-0.76"
"2024/01/16","00:48","-1.08","-","-0.79"
"2024/01/16","00:54","-1.122","-","-0.82"
"2024/01/16","01:00","-1.149","-","-0.83"
"2024/01/16","01:06","-1.162","-","-0.84"
"2024/01/16","01:12","-1.16","-","-0.83"
"2024/01/16","01:18","-1.145","-","-0.84"
"2024/01/16","01:24","-1.115","-","-0.83"
"2024/01/16","01:30","-1.072","-","-0.78"
"2024/01/16","01:36","-1.016","-","-0.71"
"2024/01/16","01:42","-0.946","-","-0.58"
"2024/01/16","01:48","-0.863","-","-0.51"
"2024/01/16","01:54","-0.768","-","-0.42"
"2024/01/16","02:00","-0.66","-","-0.28"
"2024/01/16","02:06","-0.539","-","-0.18"
"2024/01/16","02:12","-0.406","-","-0.14"
"2024/01/16","02:18","-0.262","-","0"
"2024/01/16","02:24","-0.106","-","0.16"
"2024/01/16","02:30","0.062","-","0.29"
"2024/01/16","02:36","0.24","-","0.46"
"2024/01/16","02:42","0.429","-","0.67"
"2024/01/16","02:48","0.629","-","0.9"
"2024/01/16","02:54","0.839","-","1.15"
"2024/01/16","03:00","1.058","-","1.37"
"2024/01/16","03:06","1.286","-","1.62"
"2024/01/16","03:12","1.524","-","1.89"
"2024/01/16","03:18","1.769","-","2.14"
"2024/01/16","03:24","2.022","-","2.4"
"2024/01/16","03:30","2.282","-","2.69"
"2024/01/16","03:36","2.549","-","2.96"
"2024/01/16","03:42","2.821","-","3.26"
"2024/01/16","03:48","3.099","-","3.54"
"2024/01/16","03:54","3.38","-","3.84"
"2024/01/16","04:00","3.665","-","4.15"
"2024/01/16","04:06","3.952","-","4.45"
"2024/01/16","04:12","4.241","-","4.75"
"2024/01/16","04:18","4.53","-","5.08"
"2024/01/16","04:24","4.819","-","5.37"
"2024/01/16","04:30","5.108","-","5.68"
"2024/01/16","04:36","5.394","-","6.01"
"2024/01/16","04:42","5.676","-","6.29"
"2024/01/16","04:48","5.956","-","6.6"
"2024/01/16","04:54","6.23","-","6.88"
"2024/01/16","05:00","6.499","-","7.18"
"2024/01/16","05:06","6.761","-","7.44"
"2024/01/16","05:12","7.017","-","7.71"
"2024/01/16","05:18","7.264","-","7.95"
"2024/01/16","05:24","7.503","-","8.18"
"2024/01/16","05:30","7.734","-","8.4"
"2024/01/16","05:36","7.955","-","8.61"
"2024/01/16","05:42","8.165","-","8.85"
"2024/01/16","05:48","8.366","-","9.04"
"2024/01/16","05:54","8.556","-","9.21"
"2024/01/16","06:00","8.735","-","9.37"
"2024/01/16","06:06","8.902","-","9.55"
"2024/01/16","06:12","9.058","-","9.72"
"2024/01/16","06:18","9.203","-","9.88"
"2024/01/16","06:24","9.336","-","10.02"
"2024/01/16","06:30","9.457","-","10.14"
"2024/01/16","06:36","9.566","-","10.22"
"2024/01/16","06:42","9.664","-","10.33"
"2024/01/16","06:48","9.749","-","10.43"
"2024/01/16","06:54","9.822","-","10.5"
"2024/01/16","07:00","9.883","-","10.56"
"2024/01/16","07:06","9.932","-","10.61"
"2024/01/16","07:12","9.969","-","10.6"
"2024/01/16","07:18","9.993","-","10.61"
"2024/01/16","07:24","10.006","-","10.66"
"2024/01/16","07:30","10.006","-","10.67"
"2024/01/16","07:36","9.994","-","10.65"
"2024/01/16","07:42","9.969","-","10.65"
"2024/01/16","07:48","9.932","-","10.63"
"2024/01/16","07:54","9.883","-","10.59"
"2024/01/16","08:00","9.822","-","10.55"
"2024/01/16","08:06","9.748","-","10.53"
"2024/01/16","08:12","9.662","-","10.43"
"2024/01/16","08:18","9.564","-","10.34"
"2024/01/16","08:24","9.454","-","10.23"
"2024/01/16","08:30","9.332","-","10.11"
"2024/01/16","08:36","9.198","-","9.99"
"2024/01/16","08:42","9.052","-","9.86"
"2024/01/16","08:48","8.896","-","9.73"
"2024/01/16","08:54","8.728","-","9.56"
"2024/01/16","09:00","8.55","-","9.37"
"2024/01/16","09:06","8.361","-","9.19"
"2024/01/16","09:12","8.162","-","9.01"
"2024/01/16","09:18","7.954","-","8.84"
"2024/01/16","09:24","7.737","-","8.65"
"2024/01/16","09:30","7.512","-","8.4"
"2024/01/16","09:36","7.278","-","8.17"
"2024/01/16","09:42","7.038","-","7.96"
"2024/01/16","09:48","6.79","-","7.69"
"2024/01/16","09:54","6.537","-","7.44"
"2024/01/16","10:00","6.279","-","7.19"
"2024/01/16","10:06","6.016","-","6.94"
"2024/01/16","10:12","5.749","-","6.65"
"2024/01/16","10:18","5.479","-","6.38"
"2024/01/16","10:24","5.207","-","6.14"
"2024/01/16","10:30","4.933","-","5.85"
"2024/01/16","10:36","4.659","-","5.55"
"2024/01/16","10:42","4.385","-","5.29"
"2024/01/16","10:48","4.112","-","5.05"
"2024/01/16","10:54","3.841","-","4.77"
"2024/01/16","11:00","3.572","-","4.49"
"2024/01/16","11:06","3.307","-","4.23"
"2024/01/16","11:12","3.046","-","3.94"
"2024/01/16","11:18","2.79","-","3.7"
"2024/01/16","11:24","2.539","-","3.43"
"2024/01/16","11:30","2.296","-","3.2"
"2024/01/16","11:36","2.059","-","2.93"
"2024/01/16","11:42","1.831","-","2.71"
"2024/01/16","11:48","1.611","-","2.5"
"2024/01/16","11:54","1.401","-","2.24"
"2024/01/16","12:00","1.201","-","2.02"
"2024/01/16","12:06","1.011","-","1.83"
"2024/01/16","12:12","0.832","-","1.62"
"2024/01/16","12:18","0.665","-","1.42"
"2024/01/16","12:24","0.51","-","1.32"
"2024/01/16","12:30","0.367","-","1.2"
"2024/01/16","12:36","0.237","-","1.06"
"2024/01/16","12:42","0.12","-","0.97"
"2024/01/16","12:48","0.016","-","0.88"
"2024/01/16","12:54","-0.075","-","0.81"
"2024/01/16","13:00","-0.153","-","0.75"
"2024/01/16","13:06","-0.217","-","0.67"
"2024/01/16","13:12","-0.267","-","0.61"
"2024/01/16","13:18","-0.304","-","0.57"
"2024/01/16","13:24","-0.327","-","0.56"
"2024/01/16","13:30","-0.337","-","0.57"
"2024/01/16","13:36","-0.333","-","0.56"
"2024/01/16","13:42","-0.316","-","0.64"
"2024/01/16","13:48","-0.287","-","0.69"
"2024/01/16","13:54","-0.244","-","0.71"
"2024/01/16","14:00","-0.189","-","0.75"
"2024/01/16","14:06","-0.121","-","0.84"
"2024/01/16","14:12","-0.041","-","0.9"
"2024/01/16","14:18","0.052","-","1.01"
"2024/01/16","14:24","0.156","-","1.12"
"2024/01/16","14:30","0.272","-","1.28"
"2024/01/16","14:36","0.4","-","1.45"
"2024/01/16","14:42","0.538","-","1.54"
"2024/01/16","14:48","0.688","-","1.64"
"2024/01/16","14:54","0.849","-","1.82"
"2024/01/16","15:00","1.021","-","1.96"
"2024/01/16","15:06","1.202","-","2.09"
"2024/01/16","15:12","1.394","-","2.29"
"2024/01/16","15:18","1.595","-","2.46"
"2024/01/16","15:24","1.806","-","2.67"
"2024/01/16","15:30","2.025","-","2.9"
"2024/01/16","15:36","2.253","-","3.14"
"2024/01/16","15:42","2.489","-","3.35"
"2024/01/16","15:48","2.732","-","3.58"
"2024/01/16","15:54","2.982","-","3.85"
"2024/01/16","16:00","3.238","-","4.11"
"2024/01/16","16:06","3.499","-","4.35"
"2024/01/16","16:12","3.765","-","4.67"
"2024/01/16","16:18","4.035","-","5"
"2024/01/16","16:24","4.308","-","5.24"
"2024/01/16","16:30","4.583","-","5.49"
"2024/01/16","16:36","4.86","-","5.83"
"2024/01/16","16:42","5.137","-","6.14"
"2024/01/16","16:48","5.413","-","6.36"
"2024/01/16","16:54","5.688","-","6.7"
"2024/01/16","17:00","5.961","-","6.97"
"2024/01/16","17:06","6.231","-","7.29"
"2024/01/16","17:12","6.497","-","7.53"
"2024/01/16","17:18","6.758","-","7.87"
"2024/01/16","17:24","7.013","-","8.14"
"2024/01/16","17:30","7.262","-","8.42"
"2024/01/16","17:36","7.503","-","8.65"
"2024/01/16","17:42","7.737","-","8.92"
"2024/01/16","17:48","7.962","-","9.15"
"2024/01/16","17:54","8.179","-","9.36"
"2024/01/16","18:00","8.385","-","9.57"
"2024/01/16","18:06","8.582","-","9.78"
"2024/01/16","18:12","8.769","-","9.93"
"2024/01/16","18:18","8.945","-","10.09"
"2024/01/16","18:24","9.11","-","10.24"
"2024/01/16","18:30","9.264","-","10.45"
"2024/01/16","18:36","9.406","-","10.53"
"2024/01/16","18:42","9.537","-","10.7"
"2024/01/16","18:48","9.657","-","10.84"
"2024/01/16","18:54","9.765","-","10.95"
"2024/01/16","19:00","9.861","-","11.02"
"2024/01/16","19:06","9.945","-","11.13"
"2024/01/16","19:12","10.018","-","11.18"
"2024/01/16","19:18","10.079","-","11.3"
"2024/01/16","19:24","10.127","-","11.31"
"2024/01/16","19:30","10.164","-","11.34"
"2024/01/16","19:36","10.189","-","11.32"
"2024/01/16","19:42","10.202","-","11.35"
"2024/01/16","19:48","10.203","-","11.34"
"2024/01/16","19:54","10.192","-","11.36"
"2024/01/16","20:00","10.169","-","11.33"
"2024/01/16","20:06","10.133","-","11.27"
"2024/01/16","20:12","10.086","-","11.22"
"2024/01/16","20:18","10.026","-","11.14"
"2024/01/16","20:24","9.954","-","11.15"
"2024/01/16","20:30","9.87","-","11.03"
"2024/01/16","20:36","9.774","-","10.97"
"2024/01/16","20:42","9.666","-","10.81"
"2024/01/16","20:48","9.546","-","10.7"
"2024/01/16","20:54","9.414","-","10.58"
"2024/01/16","21:00","9.271","-","10.47"
"2024/01/16","21:06","9.116","-","10.32"
"2024/01/16","21:12","8.949","-","10.22"
"2024/01/16","21:18","8.772","-","10.08"
"2024/01/16","21:24","8.584","-","9.89"
"2024/01/16","21:30","8.386","-","9.73"
"2024/01/16","21:36","8.178","-","9.57"
"2024/01/16","21:42","7.961","-","9.31"
"2024/01/16","21:48","7.734","-","9.07"
"2024/01/16","21:54","7.5","-","8.89"
"2024/01/16","22:00","7.257","-","8.65"
"2024/01/16","22:06","7.007","-","8.37"
"2024/01/16","22:12","6.751","-","8.05"
"2024/01/16","22:18","6.489","-","7.79"
"2024/01/16","22:24","6.222","-","7.48"
"2024/01/16","22:30","5.95","-","7.2"
"2024/01/16","22:36","5.674","-","6.92"
"2024/01/16","22:42","5.396","-","6.63"
"2024/01/16","22:48","5.115","-","6.4"
"2024/01/16","22:54","4.833","-","6.12"
"2024/01/16","23:00","4.55","-","5.77"
"2024/01/16","23:06","4.268","-","5.55"
"2024/01/16","23:12","3.986","-","5.27"
"2024/01/16","23:18","3.707","-","4.93"
"2024/01/16","23:24","3.429","-","4.68"
"2024/01/16","23:30","3.156","-","4.38"
"2024/01/16","23:36","2.886","-","4.13"
"2024/01/16","23:42","2.621","-","3.87"
"2024/01/16","23:48","2.362","-","3.63"
"2024/01/16","23:54","2.11","-","3.37"
"2024/01/17","00:00","1.864","-","3.11"
"2024/01/17","00:06","1.627","-","2.85"
"2024/01/17","00:12","1.398","-","2.66"
"2024/01/17","00:18","1.178","-","2.41"
"2024/01/17","00:24","0.968","-","2.23"
"2024/01/17","00:30","0.768","-","2.02"
"2024/01/17","00:36","0.58","-","1.8"
"2024/01/17","00:42","0.402","-","1.61"
"2024/01/17","00:48","0.236","-","1.44"
"2024/01/17","00:54","0.082","-","1.25"
"2024/01/17","01:00","-0.059","-","1.1"
"2024/01/17","01:06","-0.188","-","0.96"
"2024/01/17","01:12","-0.303","-","0.85"
"2024/01/17","01:18","-0.406","-","0.76"
"2024/01/17","01:24","-0.495","-","0.66"
"2024/01/17","01:30","-0.571","-","0.59"
"2024/01/17","01:36","-0.633","-","0.49"
"2024/01/17","01:42","-0.682","-","0.4"
"2024/01/17","01:48","-0.718","-","0.36"
"2024/01/17","01:54","-0.74","-","0.37"
"2024/01/17","02:00","-0.749","-","0.34"
"2024/01/17","02:06","-0.744","-","0.35"
"2024/01/17","02:12","-0.727","-","0.4"
"2024/01/17","02:18","-0.696","-","0.42"
"2024/01/17","02:24","-0.653","-","0.45"
"2024/01/17","02:30","-0.597","-","0.5"
"2024/01/17","02:36","-0.528","-","0.58"
"2024/01/17","02:42","-0.447","-","0.62"
"2024/01/17","02:48","-0.354","-","0.73"
"2024/01/17","02:54","-0.248","-","0.83"
"2024/01/17","03:00","-0.131","-","1"
"2024/01/17","03:06","-0.003","-","1.12"
"2024/01/17","03:12","0.138","-","1.26"
"2024/01/17","03:18","0.289","-","1.41"
"2024/01/17","03:24","0.452","-","1.56"
"2024/01/17","03:30","0.625","-","1.72"
"2024/01/17","03:36","0.808","-","1.92"
"2024/01/17","03:42","1.002","-","2.08"
"2024/01/17","03:48","1.206","-","2.35"
"2024/01/17","03:54","1.418","-","2.54"
"2024/01/17","04:00","1.64","-","2.74"
"2024/01/17","04:06","1.87","-","2.99"
"2024/01/17","04:12","2.108","-","3.16"
"2024/01/17","04:18","2.354","-","3.38"
"2024/01/17","04:24","2.606","-","3.65"
"2024/01/17","04:30","2.864","-","3.9"
"2024/01/17","04:36","3.127","-","4.14"
"2024/01/17","04:42","3.395","-","4.46"
"2024/01/17","04:48","3.667","-","4.71"
"2024/01/17","04:54","3.941","-","4.97"
"2024/01/17","05:00","4.218","-","5.22"
"2024/01/17","05:06","4.495","-","5.51"
"2024/01/17","05:12","4.773","-","5.82"
"2024/01/17","05:18","5.051","-","6.15"
"2024/01/17","05:24","5.327","-","6.45"
"2024/01/17","05:30","5.6","-","6.79"
"2024/01/17","05:36","5.871","-","7.03"
"2024/01/17","05:42","6.137","-","7.33"
"2024/01/17","05:48","6.398","-","7.56"
"2024/01/17","05:54","6.654","-","7.89"
"2024/01/17","06:00","6.903","-","8.15"
"2024/01/17","06:06","7.146","-","8.39"
"2024/01/17","06:12","7.38","-","8.61"
"2024/01/17","06:18","7.607","-","8.83"
"2024/01/17","06:24","7.825","-","8.96"
"2024/01/17","06:30","8.034","-","9.19"
"2024/01/17","06:36","8.234","-","9.4"
"2024/01/17","06:42","8.424","-","9.54"
"2024/01/17","06:48","8.604","-","9.68"
"2024/01/17","06:54","8.773","-","9.84"
"2024/01/17","07:00","8.932","-","9.93"
"2024/01/17","07:06","9.08","-","10.04"
"2024/01/17","07:12","9.218","-","10.16"
"2024/01/17","07:18","9.345","-","10.26"
"2024/01/17","07:24","9.461","-","10.31"
"2024/01/17","07:30","9.565","-","10.37"
"2024/01/17","07:36","9.659","-","10.5"
"2024/01/17","07:42","9.741","-","10.54"
"2024/01/17","07:48","9.812","-","10.62"
"2024/01/17","07:54","9.872","-","10.67"
"2024/01/17","08:00","9.92","-","10.76"
"2024/01/17","08:06","9.957","-","10.79"
"2024/01/17","08:12","9.982","-","10.83"
"2024/01/17","08:18","9.996","-","10.89"
"2024/01/17","08:24","9.998","-","10.92"
"2024/01/17","08:30","9.988","-","10.91"
"2024/01/17","08:36","9.966","-","10.91"
"2024/01/17","08:42","9.932","-","10.9"
"2024/01/17","08:48","9.886","-","10.82"
"2024/01/17","08:54","9.829","-","10.71"
"2024/01/17","09:00","9.759","-","10.68"
"2024/01/17","09:06","9.677","-","10.6"
"2024/01/17","09:12","9.584","-","10.49"
"2024/01/17","09:18","9.478","-","10.32"
"2024/01/17","09:24","9.361","-","10.21"
"2024/01/17","09:30","9.232","-","10.1"
"2024/01/17","09:36","9.092","-","9.92"
"2024/01/17","09:42","8.941","-","9.78"
"2024/01/17","09:48","8.779","-","9.6"
"2024/01/17","09:54","8.606","-","9.39"
"2024/01/17","10:00","8.423","-","9.14"
"2024/01/17","10:06","8.231","-","8.97"
"2024/01/17","10:12","8.029","-","8.8"
"2024/01/17","10:18","7.819","-","8.52"
"2024/01/17","10:24","7.6","-","8.22"
"2024/01/17","10:30","7.374","-","8.03"
"2024/01/17","10:36","7.141","-","7.82"
"2024/01/17","10:42","6.901","-","7.49"
"2024/01/17","10:48","6.656","-","7.3"
"2024/01/17","10:54","6.405","-","7.07"
"2024/01/17","11:00","6.15","-","6.83"
"2024/01/17","11:06","5.892","-","6.57"
"2024/01/17","11:12","5.631","-","6.32"
"2024/01/17","11:18","5.367","-","6.05"
"2024/01/17","11:24","5.102","-","5.82"
"2024/01/17","11:30","4.837","-","5.51"
"2024/01/17","11:36","4.572","-","5.24"
"2024/01/17","11:42","4.307","-","4.95"
"2024/01/17","11:48","4.044","-","4.69"
"2024/01/17","11:54","3.784","-","4.43"
"2024/01/17","12:00","3.527","-","4.15"
"2024/01/17","12:06","3.273","-","3.86"
"2024/01/17","12:12","3.024","-","3.62"
"2024/01/17","12:18","2.781","-","3.36"
"2024/01/17","12:24","2.544","-","3.12"
"2024/01/17","12:30","2.313","-","2.89"
"2024/01/17","12:36","2.089","-","2.68"
"2024/01/17","12:42","1.874","-","2.45"
"2024/01/17","12:48","1.667","-","2.22"
"2024/01/17","12:54","1.469","-","2.04"
"2024/01/17","13:00","1.281","-","1.88"
"2024/01/17","13:06","1.103","-","1.68"
"2024/01/17","13:12","0.935","-","1.5"
"2024/01/17","13:18","0.778","-","1.38"
"2024/01/17","13:24","0.633","-","1.22"
"2024/01/17","13:30","0.499","-","1.1"
"2024/01/17","13:36","0.376","-","0.99"
"2024/01/17","13:42","0.266","-","0.92"
"2024/01/17","13:48","0.168","-","0.85"
"2024/01/17","13:54","0.083","-","0.77"
"2024/01/17","14:00","0.009","-","0.72"
"2024/01/17","14:06","-0.051","-","0.67"
"2024/01/17","14:12","-0.099","-","0.6"
"2024/01/17","14:18","-0.135","-","0.55"
"2024/01/17","14:24","-0.158","-","0.5"
"2024/01/17","14:30","-0.169","-","0.49"
"2024/01/17","14:36","-0.167","-","0.5"
"2024/01/17","14:42","-0.153","-","0.51"
"2024/01/17","14:48","-0.127","-","0.55"
"2024/01/17","14:54","-0.089","-","0.57"
"2024/01/17","15:00","-0.038","-","0.56"
"2024/01/17","15:06","0.024","-","0.6"
"2024/01/17","15:12","0.098","-","0.61"
"2024/01/17","15:18","0.183","-","0.67"
"2024/01/17","15:24","0.28","-","0.76"
"2024/01/17","15:30","0.388","-","0.85"
"2024/01/17","15:36","0.507","-","0.96"
"2024/01/17","15:42","0.637","-","1.1"
"2024/01/17","15:48","0.778","-","1.2"
"2024/01/17","15:54","0.929","-","1.35"
"2024/01/17","16:00","1.091","-","1.51"
"2024/01/17","16:06","1.262","-","1.66"
"2024/01/17","16:12","1.443","-","1.85"
"2024/01/17","16:18","1.633","-","2.02"
"2024/01/17","16:24","1.832","-","2.26"
"2024/01/17","16:30","2.039","-","2.48"
"2024/01/17","16:36","2.254","-","2.69"
"2024/01/17","16:42","2.476","-","2.95"
"2024/01/17","16:48","2.705","-","3.16"
"2024/01/17","16:54","2.94","-","3.42"
"2024/01/17","17:00","3.181","-","3.66"
"2024/01/17","17:06","3.426","-","3.92"
"2024/01/17","17:12","3.676","-","4.16"
"2024/01/17","17:18","3.928","-","4.44"
"2024/01/17","17:24","4.183","-","4.7"
"2024/01/17","17:30","4.439","-","4.99"
"2024/01/17","17:36","4.696","-","5.24"
"2024/01/17","17:42","4.953","-","5.49"
"2024/01/17","17:48","5.209","-","5.71"
"2024/01/17","17:54","5.463","-","5.97"
"2024/01/17","18:00","5.714","-","6.25"
"2024/01/17","18:06","5.962","-","6.47"
"2024/01/17","18:12","6.206","-","6.77"
"2024/01/17","18:18","6.444","-","7.01"
"2024/01/17","18:24","6.677","-","7.25"
"2024/01/17","18:30","6.904","-","7.41"
"2024/01/17","18:36","7.124","-","7.66"
"2024/01/17","18:42","7.336","-","7.86"
"2024/01/17","18:48","7.541","-","8.04"
"2024/01/17","18:54","7.737","-","8.22"
"2024/01/17","19:00","7.925","-","8.38"
"2024/01/17","19:06","8.103","-","8.55"
"2024/01/17","19:12","8.273","-","8.67"
"2024/01/17","19:18","8.433","-","8.83"
"2024/01/17","19:24","8.583","-","8.96"
"2024/01/17","19:30","8.723","-","9.07"
"2024/01/17","19:36","8.853","-","9.16"
"2024/01/17","19:42","8.974","-","9.28"
"2024/01/17","19:48","9.083","-","9.39"
"2024/01/17","19:54","9.183","-","9.51"
"2024/01/17","20:00","9.272","-","9.58"
"2024/01/17","20:06","9.35","-","9.64"
"2024/01/17","20:12","9.418","-","9.69"
"2024/01/17","20:18","9.475","-","9.73"
"2024/01/17","20:24","9.522","-","9.74"
"2024/01/17","20:30","9.557","-","9.76"
"2024/01/17","20:36","9.581","-","9.78"
"2024/01/17","20:42","9.595","-","9.79"
"2024/01/17","20:48","9.597","-","9.76"
"2024/01/17","20:54","9.588","-","9.75"
"2024/01/17","21:00","9.567","-","9.74"
"2024/01/17","21:06","9.535","-","9.73"
"2024/01/17","21:12","9.492","-","9.71"
"2024/01/17","21:18","9.437","-","9.67"
"2024/01/17","21:24","9.371","-","9.62"
"2024/01/17","21:30","9.293","-","9.51"
"2024/01/17","21:36","9.203","-","9.44"
"2024/01/17","21:42","9.102","-","9.33"
"2024/01/17","21:48","8.99","-","9.21"
"2024/01/17","21:54","8.866","-","9.08"
"2024/01/17","22:00","8.732","-","8.92"
"2024/01/17","22:06","8.587","-","8.74"
"2024/01/17","22:12","8.431","-","8.56"
"2024/01/17","22:18","8.265","-","8.41"
"2024/01/17","22:24","8.089","-","8.22"
"2024/01/17","22:30","7.904","-","8.06"
"2024/01/17","22:36","7.711","-","7.86"
"2024/01/17","22:42","7.508","-","7.68"
"2024/01/17","22:48","7.298","-","7.42"
"2024/01/17","22:54","7.08","-","7.21"
"2024/01/17","23:00","6.856","-","6.98"
"2024/01/17","23:06","6.625","-","6.72"
"2024/01/17","23:12","6.389","-","6.47"
"2024/01/17","23:18","6.148","-","6.23"
"2024/01/17","23:24","5.902","-","5.99"
"2024/01/17","23:30","5.653","-","5.72"
"2024/01/17","23:36","5.401","-","5.43"
"2024/01/17","23:42","5.147","-","5.2"
"2024/01/17","23:48","4.892","-","4.93"
"2024/01/17","23:54","4.636","-","4.69"
"2024/01/18","00:00","4.38","-","4.42"
"2024/01/18","00:06","4.124","-","4.18"
"2024/01/18","00:12","3.87","-","3.97"
"2024/01/18","00:18","3.618","-","3.69"
"2024/01/18","00:24","3.369","-","3.44"
"2024/01/18","00:30","3.124","-","3.22"
"2024/01/18","00:36","2.883","-","2.95"
"2024/01/18","00:42","2.647","-","2.67"
"2024/01/18","00:48","2.417","-","2.45"
"2024/01/18","00:54","2.192","-","2.24"
"2024/01/18","01:00","1.975","-","2"
"2024/01/18","01:06","1.765","-","1.76"
"2024/01/18","01:12","1.564","-","1.55"
"2024/01/18","01:18","1.371","-","1.34"
"2024/01/18","01:24","1.187","-","1.15"
"2024/01/18","01:30","1.013","-","0.98"
"2024/01/18","01:36","0.849","-","0.82"
"2024/01/18","01:42","0.695","-","0.65"
"2024/01/18","01:48","0.553","-","0.53"
"2024/01/18","01:54","0.421","-","0.42"
"2024/01/18","02:00","0.301","-","0.28"
"2024/01/18","02:06","0.193","-","0.2"
"2024/01/18","02:12","0.097","-","0.11"
"2024/01/18","02:18","0.013","-","0.02"
"2024/01/18","02:24","-0.059","-","-0.05"
"2024/01/18","02:30","-0.119","-","-0.09"
"2024/01/18","02:36","-0.167","-","-0.15"
"2024/01/18","02:42","-0.202","-","-0.18"
"2024/01/18","02:48","-0.224","-","-0.19"
"2024/01/18","02:54","-0.235","-","-0.21"
"2024/01/18","03:00","-0.233","-","-0.24"
"2024/01/18","03:06","-0.218","-","-0.26"
"2024/01/18","03:12","-0.192","-","-0.24"
"2024/01/18","03:18","-0.154","-","-0.21"
"2024/01/18","03:24","-0.104","-","-0.15"
"2024/01/18","03:30","-0.042","-","-0.06"
"2024/01/18","03:36","0.032","-","0.04"
"2024/01/18","03:42","0.117","-","0.11"
"2024/01/18","03:48","0.214","-","0.19"
"2024/01/18","03:54","0.322","-","0.28"
"2024/01/18","04:00","0.441","-","0.39"
"2024/01/18","04:06","0.571","-","0.51"
"2024/01/18","04:12","0.711","-","0.64"
"2024/01/18","04:18","0.862","-","0.76"
"2024/01/18","04:24","1.023","-","0.94"
"2024/01/18","04:30","1.194","-","1.08"
"2024/01/18","04:36","1.375","-","1.25"
"2024/01/18","04:42","1.565","-","1.43"
"2024/01/18","04:48","1.763","-","1.65"
"2024/01/18","04:54","1.971","-","1.84"
"2024/01/18","05:00","2.186","-","2.02"
"2024/01/18","05:06","2.408","-","2.22"
"2024/01/18","05:12","2.638","-","2.42"
"2024/01/18","05:18","2.874","-","2.63"
"2024/01/18","05:24","3.116","-","2.87"
"2024/01/18","05:30","3.362","-","3.14"
"2024/01/18","05:36","3.613","-","3.41"
"2024/01/18","05:42","3.867","-","3.66"
"2024/01/18","05:48","4.124","-","3.92"
"2024/01/18","05:54","4.384","-","4.15"
"2024/01/18","06:00","4.644","-","4.39"
"2024/01/18","06:06","4.904","-","4.67"
"2024/01/18","06:12","5.164","-","4.94"
"2024/01/18","06:18","5.423","-","5.23"
"2024/01/18","06:24","5.679","-","5.5"
"2024/01/18","06:30","5.933","-","5.81"
"2024/01/18","06:36","6.183","-","6.07"
"2024/01/18","06:42","6.428","-","6.33"
"2024/01/18","06:48","6.669","-","6.57"
"2024/01/18","06:54","6.904","-","6.82"
"2024/01/18","07:00","7.133","-","7.03"
"2024/01/18","07:06","7.354","-","7.28"
"2024/01/18","07:12","7.569","-","7.51"
"2024/01/18","07:18","7.776","-","7.73"
"2024/01/18","07:24","7.975","-","7.91"
"2024/01/18","07:30","8.165","-","8.12"
"2024/01/18","07:36","8.346","-","8.26"
"2024/01/18","07:42","8.519","-","8.42"
"2024/01/18","07:48","8.682","-","8.55"
"2024/01/18","07:54","8.836","-","8.71"
"2024/01/18","08:00","8.98","-","8.84"
"2024/01/18","08:06","9.114","-","8.95"
"2024/01/18","08:12","9.238","-","9.03"
"2024/01/18","08:18","9.353","-","9.16"
"2024/01/18","08:24","9.457","-","9.27"
"2024/01/18","08:30","9.551","-","9.35"
"2024/01/18","08:36","9.634","-","9.45"
"2024/01/18","08:42","9.707","-","9.5"
"2024/01/18","08:48","9.769","-","9.57"
"2024/01/18","08:54","9.821","-","9.6"
"2024/01/18","09:00","9.861","-","9.67"
"2024/01/18","09:06","9.891","-","9.69"
"2024/01/18","09:12","9.909","-","9.7"
"2024/01/18","09:18","9.917","-","9.7"
"2024/01/18","09:24","9.913","-","9.72"
"2024/01/18","09:30","9.897","-","9.75"
"2024/01/18","09:36","9.87","-","9.76"
"2024/01/18","09:42","9.832","-","9.73"
"2024/01/18","09:48","9.782","-","9.7"
"2024/01/18","09:54","9.72","-","9.64"
"2024/01/18","10:00","9.647","-","9.59"
"2024/01/18","10:06","9.562","-","9.5"
"2024/01/18","10:12","9.466","-","9.41"
"2024/01/18","10:18","9.358","-","9.27"
"2024/01/18","10:24","9.239","-","9.12"
"2024/01/18","10:30","9.109","-","8.96"
"2024/01/18","10:36","8.969","-","8.81"
"2024/01/18","10:42","8.818","-","8.62"
"2024/01/18","10:48","8.657","-","8.46"
"2024/01/18","10:54","8.487","-","8.31"
"2024/01/18","11:00","8.307","-","8.15"
"2024/01/18","11:06","8.118","-","7.97"
"2024/01/18","11:12","7.921","-","7.76"
"2024/01/18","11:18","7.715","-","7.58"
"2024/01/18","11:24","7.503","-","7.37"
"2024/01/18","11:30","7.283","-","7.16"
"2024/01/18","11:36","7.058","-","6.94"
"2024/01/18","11:42","6.827","-","6.72"
"2024/01/18","11:48","6.59","-","6.44"
"2024/01/18","11:54","6.35","-","6.21"
"2024/01/18","12:00","6.105","-","5.97"
"2024/01/18","12:06","5.858","-","5.72"
"2024/01/18","12:12","5.608","-","5.45"
"2024/01/18","12:18","5.356","-","5.2"
"2024/01/18","12:24","5.103","-","4.98"
"2024/01/18","12:30","4.85","-","4.71"
"2024/01/18","12:36","4.597","-","4.49"
"2024/01/18","12:42","4.345","-","4.27"
"2024/01/18","12:48","4.095","-","4.06"
"2024/01/18","12:54","3.847","-","3.82"
"2024/01/18","13:00","3.602","-","3.6"
"2024/01/18","13:06","3.36","-","3.41"
"2024/01/18","13:12","3.123","-","3.19"
"2024/01/18","13:18","2.891","-","2.96"
"2024/01/18","13:24","2.665","-","2.74"
"2024/01/18","13:30","2.444","-","2.52"
"2024/01/18","13:36","2.231","-","2.28"
"2024/01/18","13:42","2.025","-","2.05"
"2024/01/18","13:48","1.827","-","1.84"
"2024/01/18","13:54","1.637","-","1.65"
"2024/01/18","14:00","1.456","-","1.49"
"2024/01/18","14:06","1.284","-","1.29"
"2024/01/18","14:12","1.122","-","1.15"
"2024/01/18","14:18","0.97","-","1.01"
"2024/01/18","14:24","0.829","-","0.88"
"2024/01/18","14:30","0.698","-","0.77"
"2024/01/18","14:36","0.578","-","0.64"
"2024/01/18","14:42","0.469","-","0.57"
"2024/01/18","14:48","0.371","-","0.46"
"2024/01/18","14:54","0.285","-","0.38"
"2024/01/18","15:00","0.211","-","0.3"
"2024/01/18","15:06","0.148","-","0.21"
"2024/01/18","15:12","0.096","-","0.13"
"2024/01/18","15:18","0.056","-","0.07"
"2024/01/18","15:24","0.028","-","0.04"
"2024/01/18","15:30","0.012","-","0.02"
"2024/01/18","15:36","0.006","-","0.02"
"2024/01/18","15:42","0.013","-","0.05"
"2024/01/18","15:48","0.031","-","0.07"
"2024/01/18","15:54","0.06","-","0.12"
"2024/01/18","16:00","0.1","-","0.18"
"2024/01/18","16:06","0.152","-","0.27"
"2024/01/18","16:12","0.214","-","0.34"
"2024/01/18","16:18","0.288","-","0.43"
"2024/01/18","16:24","0.372","-","0.48"
"2024/01/18","16:30","0.467","-","0.54"
"2024/01/18","16:36","0.572","-","0.62"
"2024/01/18","16:42","0.688","-","0.7"
"2024/01/18","16:48","0.814","-","0.8"
"2024/01/18","16:54","0.95","-","0.93"
"2024/01/18","17:00","1.095","-","1.04"
"2024/01/18","17:06","1.25","-","1.18"
"2024/01/18","17:12","1.414","-","1.35"
"2024/01/18","17:18","1.587","-","1.53"
"2024/01/18","17:24","1.768","-","1.69"
"2024/01/18","17:30","1.957","-","1.92"
"2024/01/18","17:36","2.154","-","2.12"
"2024/01/18","17:42","2.357","-","2.31"
"2024/01/18","17:48","2.567","-","2.53"
"2024/01/18","17:54","2.782","-","2.75"
"2024/01/18","18:00","3.002","-","2.99"
"2024/01/18","18:06","3.227","-","3.2"
"2024/01/18","18:12","3.456","-","3.4"
"2024/01/18","18:18","3.687","-","3.64"
"2024/01/18","18:24","3.921","-","3.85"
"2024/01/18","18:30","4.156","-","4.05"
"2024/01/18","18:36","4.392","-","4.29"
"2024/01/18","18:42","4.628","-","4.51"
"2024/01/18","18:48","4.862","-","4.74"
"2024/01/18","18:54","5.096","-","4.95"
"2024/01/18","19:00","5.326","-","5.18"
"2024/01/18","19:06","5.554","-","5.42"
"2024/01/18","19:12","5.778","-","5.63"
"2024/01/18","19:18","5.998","-","5.84"
"2024/01/18","19:24","6.213","-","6.04"
"2024/01/18","19:30","6.422","-","6.26"
"2024/01/18","19:36","6.625","-","6.44"
"2024/01/18","19:42","6.822","-","6.61"
"2024/01/18","19:48","7.013","-","6.78"
"2024/01/18","19:54","7.196","-","6.96"
"2024/01/18","20:00","7.371","-","7.11"
"2024/01/18","20:06","7.539","-","7.26"
"2024/01/18","20:12","7.698","-","7.42"
"2024/01/18","20:18","7.85","-","7.57"
"2024/01/18","20:24","7.993","-","7.69"
"2024/01/18","20:30","8.127","-","7.84"
"2024/01/18","20:36","8.252","-","7.98"
"2024/01/18","20:42","8.368","-","8.11"
"2024/01/18","20:48","8.476","-","8.23"
"2024/01/18","20:54","8.574","-","8.35"
"2024/01/18","21:00","8.662","-","8.43"
"2024/01/18","21:06","8.741","-","8.5"
"2024/01/18","21:12","8.811","-","8.56"
"2024/01/18","21:18","8.87","-","8.62"
"2024/01/18","21:24","8.92","-","8.62"
"2024/01/18","21:30","8.96","-","8.63"
"2024/01/18","21:36","8.989","-","8.61"
"2024/01/18","21:42","9.008","-","8.62"
"2024/01/18","21:48","9.017","-","8.6"
"2024/01/18","21:54","9.015","-","8.57"
"2024/01/18","22:00","9.002","-","8.54"
"2024/01/18","22:06","8.979","-","8.5"
"2024/01/18","22:12","8.945","-","8.46"
"2024/01/18","22:18","8.9","-","8.42"
"2024/01/18","22:24","8.845","-","8.38"
"2024/01/18","22:30","8.778","-","8.3"
"2024/01/18","22:36","8.701","-","8.18"
"2024/01/18","22:42","8.613","-","8.06"
"2024/01/18","22:48","8.515","-","7.97"
"2024/01/18","22:54","8.407","-","7.83"
"2024/01/18","23:00","8.288","-","7.7"
"2024/01/18","23:06","8.159","-","7.56"
"2024/01/18","23:12","8.021","-","7.43"
"2024/01/18","23:18","7.874","-","7.26"
"2024/01/18","23:24","7.717","-","7.12"
"2024/01/18","23:30","7.553","-","6.96"
"2024/01/18","23:36","7.38","-","6.82"
"2024/01/18","23:42","7.199","-","6.66"
"2024/01/18","23:48","7.011","-","6.49"
"2024/01/18","23:54","6.817","-","6.3"
"2024/01/19","00:00","6.616","-","6.1"
"2024/01/19","00:06","6.41","-","5.91"
"2024/01/19","00:12","6.199","-","5.69"
"2024/01/19","00:18","5.983","-","5.5"
"2024/01/19","00:24","5.764","-","5.3"
"2024/01/19","00:30","5.541","-","5.09"
"2024/01/19","00:36","5.315","-","4.87"
"2024/01/19","00:42","5.088","-","4.65"
"2024/01/19","00:48","4.859","-","4.43"
"2024/01/19","00:54","4.629","-","4.19"
"2024/01/19","01:00","4.4","-","3.99"
"2024/01/19","01:06","4.171","-","3.77"
"2024/01/19","01:12","3.943","-","3.56"
"2024/01/19","01:18","3.717","-","3.35"
"2024/01/19","01:24","3.493","-","3.13"
"2024/01/19","01:30","3.273","-","2.92"
"2024/01/19","01:36","3.057","-","2.69"
"2024/01/19","01:42","2.845","-","2.5"
"2024/01/19","01:48","2.638","-","2.3"
"2024/01/19","01:54","2.437","-","2.13"
"2024/01/19","02:00","2.243","-","1.94"
"2024/01/19","02:06","2.055","-","1.74"
"2024/01/19","02:12","1.874","-","1.58"
"2024/01/19","02:18","1.702","-","1.42"
"2024/01/19","02:24","1.538","-","1.25"
"2024/01/19","02:30","1.383","-","1.1"
"2024/01/19","02:36","1.237","-","0.96"
"2024/01/19","02:42","1.101","-","0.81"
"2024/01/19","02:48","0.975","-","0.68"
"2024/01/19","02:54","0.859","-","0.58"
"2024/01/19","03:00","0.754","-","0.46"
"2024/01/19","03:06","0.659","-","0.38"
"2024/01/19","03:12","0.576","-","0.33"
"2024/01/19","03:18","0.503","-","0.26"
"2024/01/19","03:24","0.442","-","0.2"
"2024/01/19","03:30","0.391","-","0.17"
"2024/01/19","03:36","0.352","-","0.13"
"2024/01/19","03:42","0.325","-","0.12"
"2024/01/19","03:48","0.308","-","0.1"
"2024/01/19","03:54","0.303","-","0.1"
"2024/01/19","04:00","0.309","-","0.14"
"2024/01/19","04:06","0.326","-","0.16"
"2024/01/19","04:12","0.354","-","0.19"
"2024/01/19","04:18","0.393","-","0.23"
"2024/01/19","04:24","0.443","-","0.26"
"2024/01/19","04:30","0.504","-","0.33"
"2024/01/19","04:36","0.575","-","0.41"
"2024/01/19","04:42","0.657","-","0.49"
"2024/01/19","04:48","0.749","-","0.6"
"2024/01/19","04:54","0.852","-","0.72"
"2024/01/19","05:00","0.965","-","0.87"
"2024/01/19","05:06","1.088","-","1.02"
"2024/01/19","05:12","1.22","-","1.17"
"2024/01/19","05:18","1.362","-","1.33"
"2024/01/19","05:24","1.514","-","1.49"
"2024/01/19","05:30","1.675","-","1.68"
"2024/01/19","05:36","1.845","-","1.87"
"2024/01/19","05:42","2.023","-","2.04"
"2024/01/19","05:48","2.21","-","2.26"
"2024/01/19","05:54","2.404","-","2.45"
"2024/01/19","06:00","2.606","-","2.62"
"2024/01/19","06:06","2.815","-","2.87"
"2024/01/19","06:12","3.03","-","3.08"
"2024/01/19","06:18","3.25","-","3.29"
"2024/01/19","06:24","3.476","-","3.53"
"2024/01/19","06:30","3.707","-","3.75"
"2024/01/19","06:36","3.941","-","4"
"2024/01/19","06:42","4.179","-","4.29"
"2024/01/19","06:48","4.419","-","4.48"
"2024/01/19","06:54","4.66","-","4.74"
"2024/01/19","07:00","4.903","-","5"
"2024/01/19","07:06","5.145","-","5.21"
"2024/01/19","07:12","5.387","-","5.44"
"2024/01/19","07:18","5.627","-","5.66"
"2024/01/19","07:24","5.866","-","5.91"
"2024/01/19","07:30","6.101","-","6.14"
"2024/01/19","07:36","6.333","-","6.35"
"2024/01/19","07:42","6.561","-","6.6"
"2024/01/19","07:48","6.784","-","6.82"
"2024/01/19","07:54","7.002","-","7.03"
"2024/01/19","08:00","7.214","-","7.25"
"2024/01/19","08:06","7.42","-","7.5"
"2024/01/19","08:12","7.619","-","7.71"
"2024/01/19","08:18","7.81","-","7.94"
"2024/01/19","08:24","7.995","-","8.12"
"2024/01/19","08:30","8.171","-","8.34"
"2024/01/19","08:36","8.34","-","8.49"
"2024/01/19","08:42","8.5","-","8.65"
"2024/01/19","08:48","8.651","-","8.81"
"2024/01/19","08:54","8.794","-","8.99"
"2024/01/19","09:00","8.927","-","9.11"
"2024/01/19","09:06","9.052","-","9.23"
"2024/01/19","09:12","9.168","-","9.32"
"2024/01/19","09:18","9.274","-","9.42"
"2024/01/19","09:24","9.37","-","9.54"
"2024/01/19","09:30","9.457","-","9.62"
"2024/01/19","09:36","9.534","-","9.69"
"2024/01/19","09:42","9.601","-","9.76"
"2024/01/19","09:48","9.658","-","9.77"
"2024/01/19","09:54","9.705","-","9.79"
"2024/01/19","10:00","9.742","-","9.82"
"2024/01/19","10:06","9.768","-","9.85"
"2024/01/19","10:12","9.784","-","9.83"
"2024/01/19","10:18","9.789","-","9.82"
"2024/01/19","10:24","9.783","-","9.82"
"2024/01/19","10:30","9.767","-","9.81"
"2024/01/19","10:36","9.739","-","9.82"
"2024/01/19","10:42","9.701","-","9.77"
"2024/01/19","10:48","9.652","-","9.74"
"2024/01/19","10:54","9.591","-","9.67"
"2024/01/19","11:00","9.52","-","9.62"
"2024/01/19","11:06","9.438","-","9.54"
"2024/01/19","11:12","9.345","-","9.45"
"2024/01/19","11:18","9.241","-","9.32"
"2024/01/19","11:24","9.127","-","9.19"
"2024/01/19","11:30","9.003","-","9.06"
"2024/01/19","11:36","8.869","-","8.95"
"2024/01/19","11:42","8.725","-","8.79"
"2024/01/19","11:48","8.571","-","8.65"
"2024/01/19","11:54","8.408","-","8.47"
"2024/01/19","12:00","8.237","-","8.31"
"2024/01/19","12:06","8.057","-","8.17"
"2024/01/19","12:12","7.87","-","7.96"
"2024/01/19","12:18","7.674","-","7.79"
"2024/01/19","12:24","7.472","-","7.58"
"2024/01/19","12:30","7.263","-","7.36"
"2024/01/19","12:36","7.049","-","7.15"
"2024/01/19","12:42","6.829","-","6.96"
"2024/01/19","12:48","6.604","-","6.75"
"2024/01/19","12:54","6.374","-","6.55"
"2024/01/19","13:00","6.141","-","6.3"
"2024/01/19","13:06","5.905","-","6.1"
"2024/01/19","13:12","5.666","-","5.88"
"2024/01/19","13:18","5.425","-","5.64"
"2024/01/19","13:24","5.183","-","5.4"
"2024/01/19","13:30","4.94","-","5.18"
"2024/01/19","13:36","4.697","-","5.01"
"2024/01/19","13:42","4.455","-","4.78"
"2024/01/19","13:48","4.214","-","4.53"
"2024/01/19","13:54","3.976","-","4.28"
"2024/01/19","14:00","3.739","-","4.05"
"2024/01/19","14:06","3.506","-","3.81"
"2024/01/19","14:12","3.277","-","3.57"
"2024/01/19","14:18","3.052","-","3.38"
"2024/01/19","14:24","2.833","-","3.18"
"2024/01/19","14:30","2.619","-","2.97"
"2024/01/19","14:36","2.411","-","2.75"
"2024/01/19","14:42","2.211","-","2.56"
"2024/01/19","14:48","2.017","-","2.42"
"2024/01/19","14:54","1.832","-","2.21"
"2024/01/19","15:00","1.654","-","2.04"
"2024/01/19","15:06","1.485","-","1.9"
"2024/01/19","15:12","1.325","-","1.76"
"2024/01/19","15:18","1.175","-","1.63"
"2024/01/19","15:24","1.034","-","1.47"
"2024/01/19","15:30","0.903","-","1.38"
"2024/01/19","15:36","0.782","-","1.28"
"2024/01/19","15:42","0.671","-","1.12"
"2024/01/19","15:48","0.571","-","1.03"
"2024/01/19","15:54","0.481","-","0.93"
"2024/01/19","16:00","0.401","-","0.82"
"2024/01/19","16:06","0.332","-","0.75"
"2024/01/19","16:12","0.274","-","0.71"
"2024/01/19","16:18","0.226","-","0.66"
"2024/01/19","16:24","0.189","-","0.7"
"2024/01/19","16:30","0.163","-","0.71"
"2024/01/19","16:36","0.147","-","0.7"
"2024/01/19","16:42","0.142","-","0.7"
"2024/01/19","16:48","0.147","-","0.73"
"2024/01/19","16:54","0.163","-","0.72"
"2024/01/19","17:00","0.189","-","0.73"
"2024/01/19","17:06","0.225","-","0.78"
"2024/01/19","17:12","0.272","-","0.84"
"2024/01/19","17:18","0.33","-","0.9"
"2024/01/19","17:24","0.397","-","1"
"2024/01/19","17:30","0.475","-","1.11"
"2024/01/19","17:36","0.563","-","1.18"
"2024/01/19","17:42","0.661","-","1.3"
"2024/01/19","17:48","0.768","-","1.41"
"2024/01/19","17:54","0.886","-","1.5"
"2024/01/19","18:00","1.013","-","1.71"
"2024/01/19","18:06","1.149","-","1.81"
"2024/01/19","18:12","1.295","-","1.99"
"2024/01/19","18:18","1.449","-","2.16"
"2024/01/19","18:24","1.612","-","2.3"
"2024/01/19","18:30","1.782","-","2.45"
"2024/01/19","18:36","1.96","-","2.62"
"2024/01/19","18:42","2.145","-","2.73"
"2024/01/19","18:48","2.337","-","2.92"
"2024/01/19","18:54","2.535","-","3.13"
"2024/01/19","19:00","2.738","-","3.25"
"2024/01/19","19:06","2.945","-","3.42"
"2024/01/19","19:12","3.157","-","3.65"
"2024/01/19","19:18","3.371","-","3.84"
"2024/01/19","19:24","3.588","-","4.07"
"2024/01/19","19:30","3.807","-","4.34"
"2024/01/19","19:36","4.027","-","4.55"
"2024/01/19","19:42","4.248","-","4.79"
"2024/01/19","19:48","4.468","-","4.98"
"2024/01/19","19:54","4.686","-","5.14"
"2024/01/19","20:00","4.903","-","5.34"
"2024/01/19","20:06","5.118","-","5.58"
"2024/01/19","20:12","5.329","-","5.82"
"2024/01/19","20:18","5.537","-","6.04"
"2024/01/19","20:24","5.741","-","6.27"
"2024/01/19","20:30","5.94","-","6.41"
"2024/01/19","20:36","6.133","-","6.56"
"2024/01/19","20:42","6.322","-","6.71"
"2024/01/19","20:48","6.504","-","6.95"
"2024/01/19","20:54","6.68","-","7.18"
"2024/01/19","21:00","6.849","-","7.36"
"2024/01/19","21:06","7.012","-","7.54"
"2024/01/19","21:12","7.167","-","7.7"
"2024/01/19","21:18","7.315","-","7.77"
"2024/01/19","21:24","7.456","-","7.87"
"2024/01/19","21:30","7.589","-","8.03"
"2024/01/19","21:36","7.714","-","8.11"
"2024/01/19","21:42","7.832","-","8.24"
"2024/01/19","21:48","7.941","-","8.34"
"2024/01/19","21:54","8.041","-","8.42"
"2024/01/19","22:00","8.134","-","8.5"
"2024/01/19","22:06","8.217","-","8.54"
"2024/01/19","22:12","8.292","-","8.62"
"2024/01/19","22:18","8.358","-","8.73"
"2024/01/19","22:24","8.415","-","8.8"
"2024/01/19","22:30","8.463","-","8.88"
"2024/01/19","22:36","8.502","-","8.9"
"2024/01/19","22:42","8.531","-","8.88"
"2024/01/19","22:48","8.55","-","8.87"
"2024/01/19","22:54","8.56","-","8.86"
"2024/01/19","23:00","8.56","-","8.88"
"2024/01/19","23:06","8.549","-","8.84"
"2024/01/19","23:12","8.529","-","8.81"
"2024/01/19","23:18","8.499","-","8.74"
"2024/01/19","23:24","8.459","-","8.71"
"2024/01/19","23:30","8.408","-","8.61"
"2024/01/19","23:36","8.348","-","8.54"
"2024/01/19","23:42","8.278","-","8.49"
"2024/01/19","23:48","8.197","-","8.39"
"2024/01/19","23:54","8.107","-","8.28"
"2024/01/20","00:00","8.008","-","8.18"
"2024/01/20","00:06","7.899","-","8.06"
"2024/01/20","00:12","7.781","-","7.87"
"2024/01/20","00:18","7.654","-","7.77"
"2024/01/20","00:24","7.518","-","7.69"
"2024/01/20","00:30","7.375","-","7.52"
"2024/01/20","00:36","7.223","-","7.28"
"2024/01/20","00:42","7.064","-","7.23"
"2024/01/20","00:48","6.898","-","7.06"
"2024/01/20","00:54","6.726","-","6.92"
"2024/01/20","01:00","6.547","-","6.68"
"2024/01/20","01:06","6.363","-","6.6"
"2024/01/20","01:12","6.173","-","6.41"
"2024/01/20","01:18","5.979","-","6.18"
"2024/01/20","01:24","5.781","-","5.97"
"2024/01/20","01:30","5.58","-","5.86"
"2024/01/20","01:36","5.376","-","5.66"
"2024/01/20","01:42","5.169","-","5.38"
"2024/01/20","01:48","4.961","-","5.18"
"2024/01/20","01:54","4.751","-","5.01"
"2024/01/20","02:00","4.542","-","4.74"
"2024/01/20","02:06","4.332","-","4.53"
"2024/01/20","02:12","4.124","-","4.33"
"2024/01/20","02:18","3.917","-","4.13"
"2024/01/20","02:24","3.712","-","3.9"
"2024/01/20","02:30","3.51","-","3.67"
"2024/01/20","02:36","3.311","-","3.47"
"2024/01/20","02:42","3.117","-","3.26"
"2024/01/20","02:48","2.927","-","3.07"
"2024/01/20","02:54","2.742","-","2.88"
"2024/01/20","03:00","2.564","-","2.72"
"2024/01/20","03:06","2.391","-","2.56"
"2024/01/20","03:12","2.226","-","2.36"
"2024/01/20","03:18","2.068","-","2.21"
"2024/01/20","03:24","1.917","-","2.14"
"2024/01/20","03:30","1.775","-","1.95"
"2024/01/20","03:36","1.641","-","1.83"
"2024/01/20","03:42","1.516","-","1.74"
"2024/01/20","03:48","1.4","-","1.59"
"2024/01/20","03:54","1.294","-","1.44"
"2024/01/20","04:00","1.197","-","1.47"
"2024/01/20","04:06","1.11","-","1.3"
"2024/01/20","04:12","1.032","-","1.23"
"2024/01/20","04:18","0.964","-","1.2"
"2024/01/20","04:24","0.907","-","1.15"
"2024/01/20","04:30","0.859","-","1.12"
"2024/01/20","04:36","0.822","-","1.15"
"2024/01/20","04:42","0.794","-","1.12"
"2024/01/20","04:48","0.777","-","1.1"
"2024/01/20","04:54","0.77","-","1.15"
"2024/01/20","05:00","0.772","-","1.14"
"2024/01/20","05:06","0.785","-","1.18"
"2024/01/20","05:12","0.807","-","1.23"
"2024/01/20","05:18","0.84","-","1.26"
"2024/01/20","05:24","0.882","-","1.32"
"2024/01/20","05:30","0.935","-","1.43"
"2024/01/20","05:36","0.997","-","1.51"
"2024/01/20","05:42","1.069","-","1.59"
"2024/01/20","05:48","1.151","-","1.67"
"2024/01/20","05:54","1.243","-","1.75"
"2024/01/20","06:00","1.344","-","1.87"
"2024/01/20","06:06","1.455","-","2.01"
"2024/01/20","06:12","1.576","-","2.18"
"2024/01/20","06:18","1.706","-","2.34"
"2024/01/20","06:24","1.845","-","2.5"
"2024/01/20","06:30","1.994","-","2.62"
"2024/01/20","06:36","2.151","-","2.79"
"2024/01/20","06:42","2.316","-","2.96"
"2024/01/20","06:48","2.49","-","3.11"
"2024/01/20","06:54","2.672","-","3.28"
"2024/01/20","07:00","2.861","-","3.5"
"2024/01/20","07:06","3.057","-","3.7"
"2024/01/20","07:12","3.259","-","3.89"
"2024/01/20","07:18","3.467","-","4.13"
"2024/01/20","07:24","3.68","-","4.32"
"2024/01/20","07:30","3.898","-","4.54"
"2024/01/20","07:36","4.12","-","4.76"
"2024/01/20","07:42","4.344","-","5"
"2024/01/20","07:48","4.571","-","5.27"
"2024/01/20","07:54","4.8","-","5.49"
"2024/01/20","08:00","5.029","-","5.71"
"2024/01/20","08:06","5.258","-","5.95"
"2024/01/20","08:12","5.487","-","6.19"
"2024/01/20","08:18","5.714","-","6.41"
"2024/01/20","08:24","5.94","-","6.63"
"2024/01/20","08:30","6.162","-","6.88"
"2024/01/20","08:36","6.381","-","7.13"
"2024/01/20","08:42","6.596","-","7.36"
"2024/01/20","08:48","6.807","-","7.6"
"2024/01/20","08:54","7.012","-","7.8"
"2024/01/20","09:00","7.212","-","8"
"2024/01/20","09:06","7.406","-","8.17"
"2024/01/20","09:12","7.593","-","8.38"
"2024/01/20","09:18","7.774","-","8.57"
"2024/01/20","09:24","7.948","-","8.73"
"2024/01/20","09:30","8.114","-","8.9"
"2024/01/20","09:36","8.273","-","9.08"
"2024/01/20","09:42","8.425","-","9.21"
"2024/01/20","09:48","8.568","-","9.35"
"2024/01/20","09:54","8.703","-","9.51"
"2024/01/20","10:00","8.83","-","9.63"
"2024/01/20","10:06","8.949","-","9.74"
"2024/01/20","10:12","9.06","-","9.84"
"2024/01/20","10:18","9.161","-","9.97"
"2024/01/20","10:24","9.254","-","10.04"
"2024/01/20","10:30","9.338","-","10.11"
"2024/01/20","10:36","9.413","-","10.14"
"2024/01/20","10:42","9.479","-","10.17"
"2024/01/20","10:48","9.535","-","10.21"
"2024/01/20","10:54","9.582","-","10.23"
"2024/01/20","11:00","9.62","-","10.27"
"2024/01/20","11:06","9.647","-","10.32"
"2024/01/20","11:12","9.665","-","10.3"
"2024/01/20","11:18","9.672","-","10.3"
"2024/01/20","11:24","9.67","-","10.32"
"2024/01/20","11:30","9.657","-","10.31"
"2024/01/20","11:36","9.634","-","10.25"
"2024/01/20","11:42","9.6","-","10.22"
"2024/01/20","11:48","9.556","-","10.17"
"2024/01/20","11:54","9.501","-","10.09"
"2024/01/20","12:00","9.436","-","10.04"
"2024/01/20","12:06","9.36","-","9.94"
"2024/01/20","12:12","9.274","-","9.81"
"2024/01/20","12:18","9.178","-","9.68"
"2024/01/20","12:24","9.071","-","9.59"
"2024/01/20","12:30","8.954","-","9.49"
"2024/01/20","12:36","8.827","-","9.41"
"2024/01/20","12:42","8.691","-","9.29"
"2024/01/20","12:48","8.545","-","9.13"
"2024/01/20","12:54","8.391","-","8.97"
"2024/01/20","13:00","8.227","-","8.8"
"2024/01/20","13:06","8.056","-","8.6"
"2024/01/20","13:12","7.876","-","8.43"
"2024/01/20","13:18","7.689","-","8.26"
"2024/01/20","13:24","7.495","-","8.05"
"2024/01/20","13:30","7.294","-","7.85"
"2024/01/20","13:36","7.087","-","7.63"
"2024/01/20","13:42","6.874","-","7.43"
"2024/01/20","13:48","6.656","-","7.2"
"2024/01/20","13:54","6.434","-","7"
"2024/01/20","14:00","6.208","-","6.78"
"2024/01/20","14:06","5.979","-","6.57"
"2024/01/20","14:12","5.747","-","6.32"
"2024/01/20","14:18","5.512","-","6.09"
"2024/01/20","14:24","5.277","-","5.84"
"2024/01/20","14:30","5.04","-","5.57"
"2024/01/20","14:36","4.803","-","5.34"
"2024/01/20","14:42","4.567","-","5.1"
"2024/01/20","14:48","4.332","-","4.91"
"2024/01/20","14:54","4.098","-","4.69"
"2024/01/20","15:00","3.867","-","4.47"
"2024/01/20","15:06","3.639","-","4.23"
"2024/01/20","15:12","3.415","-","4.03"
"2024/01/20","15:18","3.195","-","3.82"
"2024/01/20","15:24","2.979","-","3.59"
"2024/01/20","15:30","2.769","-","3.41"
"2024/01/20","15:36","2.565","-","3.18"
"2024/01/20","15:42","2.367","-","2.97"
"2024/01/20","15:48","2.176","-","2.79"
"2024/01/20","15:54","1.992","-","2.59"
"2024/01/20","16:00","1.816","-","2.43"
"2024/01/20","16:06","1.647","-","2.25"
"2024/01/20","16:12","1.487","-","2.08"
"2024/01/20","16:18","1.335","-","1.97"
"2024/01/20","16:24","1.192","-","1.83"
"2024/01/20","16:30","1.057","-","1.73"
"2024/01/20","16:36","0.932","-","1.62"
"2024/01/20","16:42","0.816","-","1.51"
"2024/01/20","16:48","0.71","-","1.41"
"2024/01/20","16:54","0.612","-","1.32"
"2024/01/20","17:00","0.525","-","1.24"
"2024/01/20","17:06","0.446","-","1.18"
"2024/01/20","17:12","0.378","-","1.14"
"2024/01/20","17:18","0.319","-","1.09"
"2024/01/20","17:24","0.27","-","1.09"
"2024/01/20","17:30","0.231","-","1.09"
"2024/01/20","17:36","0.202","-","1.08"
"2024/01/20","17:42","0.182","-","1.11"
"2024/01/20","17:48","0.173","-","1.13"
"2024/01/20","17:54","0.174","-","1.14"
"2024/01/20","18:00","0.185","-","1.19"
"2024/01/20","18:06","0.206","-","1.21"
"2024/01/20","18:12","0.237","-","1.25"
"2024/01/20","18:18","0.279","-","1.3"
"2024/01/20","18:24","0.331","-","1.37"
"2024/01/20","18:30","0.394","-","1.42"
"2024/01/20","18:36","0.467","-","1.47"
"2024/01/20","18:42","0.55","-","1.52"
"2024/01/20","18:48","0.644","-","1.6"
"2024/01/20","18:54","0.747","-","1.69"
"2024/01/20","19:00","0.861","-","1.78"
"2024/01/20","19:06","0.985","-","1.9"
"2024/01/20","19:12","1.118","-","2.02"
"2024/01/20","19:18","1.26","-","2.17"
"2024/01/20","19:24","1.411","-","2.29"
"2024/01/20","19:30","1.571","-","2.43"
"2024/01/20","19:36","1.739","-","2.63"
"2024/01/20","19:42","1.914","-","2.78"
"2024/01/20","19:48","2.095","-","2.96"
"2024/01/20","19:54","2.283","-","3.16"
"2024/01/20","20:00","2.477","-","3.36"
"2024/01/20","20:06","2.675","-","3.57"
"2024/01/20","20:12","2.878","-","3.78"
"2024/01/20","20:18","3.084","-","3.98"
"2024/01/20","20:24","3.293","-","4.22"
"2024/01/20","20:30","3.503","-","4.41"
"2024/01/20","20:36","3.715","-","4.63"
"2024/01/20","20:42","3.927","-","4.87"
"2024/01/20","20:48","4.139","-","5.08"
"2024/01/20","20:54","4.35","-","5.28"
"2024/01/20","21:00","4.56","-","5.48"
"2024/01/20","21:06","4.767","-","5.72"
"2024/01/20","21:12","4.972","-","5.94"
"2024/01/20","21:18","5.173","-","6.14"
"2024/01/20","21:24","5.371","-","6.35"
"2024/01/20","21:30","5.564","-","6.55"
"2024/01/20","21:36","5.753","-","6.72"
"2024/01/20","21:42","5.937","-","6.92"
"2024/01/20","21:48","6.116","-","7.1"
"2024/01/20","21:54","6.289","-","7.26"
"2024/01/20","22:00","6.456","-","7.41"
"2024/01/20","22:06","6.618","-","7.55"
"2024/01/20","22:12","6.773","-","7.72"
"2024/01/20","22:18","6.922","-","7.87"
"2024/01/20","22:24","7.064","-","8.01"
"2024/01/20","22:30","7.2","-","8.15"
"2024/01/20","22:36","7.328","-","8.29"
"2024/01/20","22:42","7.45","-","8.44"
"2024/01/20","22:48","7.564","-","8.58"
"2024/01/20","22:54","7.672","-","8.71"
"2024/01/20","23:00","7.771","-","8.8"
"2024/01/20","23:06","7.863","-","8.89"
"2024/01/20","23:12","7.947","-","8.93"
"2024/01/20","23:18","8.023","-","9"
"2024/01/20","23:24","8.09","-","9.04"
"2024/01/20","23:30","8.149","-","9.07"
"2024/01/20","23:36","8.199","-","9.08"
"2024/01/20","23:42","8.24","-","9.1"
"2024/01/20","23:48","8.272","-","9.12"
"2024/01/20","23:54","8.295","-","9.11"
"2024/01/21","00:00","8.308","-","9.1"
"2024/01/21","00:06","8.312","-","9.09"
"2024/01/21","00:12","8.306","-","9.05"
"2024/01/21","00:18","8.29","-","9.02"
"2024/01/21","00:24","8.264","-","8.99"
"2024/01/21","00:30","8.228","-","8.94"
"2024/01/21","00:36","8.183","-","8.86"
"2024/01/21","00:42","8.127","-","8.8"
"2024/01/21","00:48","8.062","-","8.7"
"2024/01/21","00:54","7.986","-","8.61"
"2024/01/21","01:00","7.901","-","8.52"
"2024/01/21","01:06","7.807","-","8.43"
"2024/01/21","01:12","7.703","-","8.32"
"2024/01/21","01:18","7.591","-","8.19"
"2024/01/21","01:24","7.47","-","8.08"
"2024/01/21","01:30","7.34","-","7.95"
"2024/01/21","01:36","7.203","-","7.82"
"2024/01/21","01:42","7.057","-","7.65"
"2024/01/21","01:48","6.905","-","7.48"
"2024/01/21","01:54","6.746","-","7.31"
"2024/01/21","02:00","6.581","-","7.15"
"2024/01/21","02:06","6.41","-","6.96"
"2024/01/21","02:12","6.233","-","6.77"
"2024/01/21","02:18","6.052","-","6.58"
"2024/01/21","02:24","5.867","-","6.35"
"2024/01/21","02:30","5.678","-","6.15"
"2024/01/21","02:36","5.487","-","5.95"
"2024/01/21","02:42","5.293","-","5.75"
"2024/01/21","02:48","5.097","-","5.54"
"2024/01/21","02:54","4.9","-","5.33"
"2024/01/21","03:00","4.702","-","5.12"
"2024/01/21","03:06","4.505","-","4.9"
"2024/01/21","03:12","4.308","-","4.7"
"2024/01/21","03:18","4.113","-","4.5"
"2024/01/21","03:24","3.92","-","4.31"
"2024/01/21","03:30","3.729","-","4.12"
"2024/01/21","03:36","3.542","-","3.94"
"2024/01/21","03:42","3.358","-","3.76"
"2024/01/21","03:48","3.179","-","3.56"
"2024/01/21","03:54","3.004","-","3.35"
"2024/01/21","04:00","2.835","-","3.17"
"2024/01/21","04:06","2.672","-","3.01"
"2024/01/21","04:12","2.515","-","2.84"
"2024/01/21","04:18","2.364","-","2.66"
"2024/01/21","04:24","2.221","-","2.54"
"2024/01/21","04:30","2.085","-","2.4"
"2024/01/21","04:36","1.956","-","2.26"
"2024/01/21","04:42","1.836","-","2.13"
"2024/01/21","04:48","1.723","-","2.03"
"2024/01/21","04:54","1.619","-","1.94"
"2024/01/21","05:00","1.523","-","1.84"
"2024/01/21","05:06","1.436","-","1.78"
"2024/01/21","05:12","1.358","-","1.72"
"2024/01/21","05:18","1.289","-","1.67"
"2024/01/21","05:24","1.228","-","1.6"
"2024/01/21","05:30","1.177","-","1.56"
"2024/01/21","05:36","1.135","-","1.52"
"2024/01/21","05:42","1.101","-","1.49"
"2024/01/21","05:48","1.078","-","1.47"
"2024/01/21","05:54","1.063","-","1.47"
"2024/01/21","06:00","1.058","-","1.48"
"2024/01/21","06:06","1.063","-","1.5"
"2024/01/21","06:12","1.077","-","1.51"
"2024/01/21","06:18","1.101","-","1.55"
"2024/01/21","06:24","1.134","-","1.58"
"2024/01/21","06:30","1.177","-","1.65"
"2024/01/21","06:36","1.231","-","1.71"
"2024/01/21","06:42","1.294","-","1.78"
"2024/01/21","06:48","1.367","-","1.86"
"2024/01/21","06:54","1.45","-","1.94"
"2024/01/21","07:00","1.543","-","2.05"
"2024/01/21","07:06","1.646","-","2.15"
"2024/01/21","07:12","1.759","-","2.25"
"2024/01/21","07:18","1.882","-","2.37"
"2024/01/21","07:24","2.015","-","2.51"
"2024/01/21","07:30","2.156","-","2.65"
"2024/01/21","07:36","2.307","-","2.79"
"2024/01/21","07:42","2.467","-","2.96"
"2024/01/21","07:48","2.635","-","3.12"
"2024/01/21","07:54","2.811","-","3.28"
"2024/01/21","08:00","2.995","-","3.46"
"2024/01/21","08:06","3.185","-","3.66"
"2024/01/21","08:12","3.382","-","3.85"
"2024/01/21","08:18","3.584","-","4.04"
"2024/01/21","08:24","3.791","-","4.24"
"2024/01/21","08:30","4.003","-","4.45"
"2024/01/21","08:36","4.218","-","4.68"
"2024/01/21","08:42","4.436","-","4.9"
"2024/01/21","08:48","4.656","-","5.11"
"2024/01/21","08:54","4.877","-","5.33"
"2024/01/21","09:00","5.099","-","5.57"
"2024/01/21","09:06","5.321","-","5.79"
"2024/01/21","09:12","5.541","-","6.01"
"2024/01/21","09:18","5.76","-","6.24"
"2024/01/21","09:24","5.977","-","6.48"
"2024/01/21","09:30","6.191","-","6.69"
"2024/01/21","09:36","6.401","-","6.91"
"2024/01/21","09:42","6.607","-","7.13"
"2024/01/21","09:48","6.809","-","7.34"
"2024/01/21","09:54","7.006","-","7.53"
"2024/01/21","10:00","7.198","-","7.72"
"2024/01/21","10:06","7.384","-","7.91"
"2024/01/21","10:12","7.564","-","8.1"
"2024/01/21","10:18","7.738","-","8.26"
"2024/01/21","10:24","7.905","-","8.41"
"2024/01/21","10:30","8.066","-","8.58"
"2024/01/21","10:36","8.22","-","8.72"
"2024/01/21","10:42","8.367","-","8.85"
"2024/01/21","10:48","8.507","-","8.99"
"2024/01/21","10:54","8.64","-","9.11"
"2024/01/21","11:00","8.765","-","9.24"
"2024/01/21","11:06","8.882","-","9.35"
"2024/01/21","11:12","8.992","-","9.47"
"2024/01/21","11:18","9.093","-","9.57"
"2024/01/21","11:24","9.187","-","9.65"
"2024/01/21","11:30","9.272","-","9.72"
"2024/01/21","11:36","9.349","-","9.78"
"2024/01/21","11:42","9.417","-","9.84"
"2024/01/21","11:48","9.476","-","9.89"
"2024/01/21","11:54","9.527","-","9.94"
"2024/01/21","12:00","9.567","-","9.97"
"2024/01/21","12:06","9.599","-","9.99"
"2024/01/21","12:12","9.62","-","9.98"
"2024/01/21","12:18","9.632","-","9.99"
"2024/01/21","12:24","9.633","-","10.01"
"2024/01/21","12:30","9.624","-","10"
"2024/01/21","12:36","9.605","-","9.97"
"2024/01/21","12:42","9.575","-","9.91"
"2024/01/21","12:48","9.535","-","9.85"
"2024/01/21","12:54","9.483","-","9.78"
"2024/01/21","13:00","9.422","-","9.71"
"2024/01/21","13:06","9.349","-","9.64"
"2024/01/21","13:12","9.266","-","9.53"
"2024/01/21","13:18","9.172","-","9.43"
"2024/01/21","13:24","9.068","-","9.31"
"2024/01/21","13:30","8.954","-","9.19"
"2024/01/21","13:36","8.83","-","9.07"
"2024/01/21","13:42","8.696","-","8.96"
"2024/01/21","13:48","8.552","-","8.8"
"2024/01/21","13:54","8.399","-","8.65"
"2024/01/21","14:00","8.238","-","8.51"
"2024/01/21","14:06","8.068","-","8.32"
"2024/01/21","14:12","7.89","-","8.14"
"2024/01/21","14:18","7.705","-","7.96"
"2024/01/21","14:24","7.512","-","7.76"
"2024/01/21","14:30","7.313","-","7.56"
"2024/01/21","14:36","7.108","-","7.33"
"2024/01/21","14:42","6.897","-","7.13"
"2024/01/21","14:48","6.682","-","6.91"
"2024/01/21","14:54","6.462","-","6.67"
"2024/01/21","15:00","6.238","-","6.42"
"2024/01/21","15:06","6.01","-","6.22"
"2024/01/21","15:12","5.781","-","5.97"
"2024/01/21","15:18","5.549","-","5.72"
"2024/01/21","15:24","5.316","-","5.47"
"2024/01/21","15:30","5.082","-","5.25"
"2024/01/21","15:36","4.847","-","5"
"2024/01/21","15:42","4.614","-","4.75"
"2024/01/21","15:48","4.381","-","4.53"
"2024/01/21","15:54","4.15","-","4.29"
"2024/01/21","16:00","3.921","-","4.07"
"2024/01/21","16:06","3.695","-","3.82"
"2024/01/21","16:12","3.473","-","3.58"
"2024/01/21","16:18","3.254","-","3.36"
"2024/01/21","16:24","3.04","-","3.14"
"2024/01/21","16:30","2.83","-","2.93"
"2024/01/21","16:36","2.626","-","2.73"
"2024/01/21","16:42","2.428","-","2.53"
"2024/01/21","16:48","2.236","-","2.34"
"2024/01/21","16:54","2.05","-","2.14"
"2024/01/21","17:00","1.872","-","1.95"
"2024/01/21","17:06","1.7","-","1.79"
"2024/01/21","17:12","1.536","-","1.63"
"2024/01/21","17:18","1.38","-","1.45"
"2024/01/21","17:24","1.232","-","1.31"
"2024/01/21","17:30","1.092","-","1.18"
"2024/01/21","17:36","0.96","-","1.07"
"2024/01/21","17:42","0.836","-","0.97"
"2024/01/21","17:48","0.722","-","0.88"
"2024/01/21","17:54","0.616","-","0.82"
"2024/01/21","18:00","0.52","-","0.73"
"2024/01/21","18:06","0.432","-","0.67"
"2024/01/21","18:12","0.354","-","0.61"
"2024/01/21","18:18","0.286","-","0.56"
"2024/01/21","18:24","0.227","-","0.54"
"2024/01/21","18:30","0.178","-","0.52"
"2024/01/21","18:36","0.139","-","0.5"
"2024/01/21","18:42","0.11","-","0.49"
"2024/01/21","18:48","0.092","-","0.49"
"2024/01/21","18:54","0.084","-","0.48"
"2024/01/21","19:00","0.086","-","0.49"
"2024/01/21","19:06","0.1","-","0.5"
"2024/01/21","19:12","0.124","-","0.53"
"2024/01/21","19:18","0.159","-","0.58"
"2024/01/21","19:24","0.206","-","0.63"
"2024/01/21","19:30","0.263","-","0.69"
"2024/01/21","19:36","0.332","-","0.76"
"2024/01/21","19:42","0.411","-","0.83"
"2024/01/21","19:48","0.501","-","0.92"
"2024/01/21","19:54","0.602","-","1.02"
"2024/01/21","20:00","0.714","-","1.09"
"2024/01/21","20:06","0.836","-","1.19"
"2024/01/21","20:12","0.968","-","1.29"
"2024/01/21","20:18","1.109","-","1.4"
"2024/01/21","20:24","1.259","-","1.55"
"2024/01/21","20:30","1.418","-","1.71"
"2024/01/21","20:36","1.585","-","1.86"
"2024/01/21","20:42","1.759","-","2.04"
"2024/01/21","20:48","1.94","-","2.24"
"2024/01/21","20:54","2.127","-","2.44"
"2024/01/21","21:00","2.319","-","2.64"
"2024/01/21","21:06","2.516","-","2.86"
"2024/01/21","21:12","2.717","-","3.08"
"2024/01/21","21:18","2.921","-","3.28"
"2024/01/21","21:24","3.128","-","3.5"
"2024/01/21","21:30","3.336","-","3.71"
"2024/01/21","21:36","3.545","-","3.91"
"2024/01/21","21:42","3.754","-","4.12"
"2024/01/21","21:48","3.964","-","4.33"
"2024/01/21","21:54","4.172","-","4.55"
"2024/01/21","22:00","4.378","-","4.77"
"2024/01/21","22:06","4.583","-","4.96"
"2024/01/21","22:12","4.785","-","5.15"
"2024/01/21","22:18","4.984","-","5.33"
"2024/01/21","22:24","5.18","-","5.53"
"2024/01/21","22:30","5.372","-","5.73"
"2024/01/21","22:36","5.56","-","5.93"
"2024/01/21","22:42","5.744","-","6.13"
"2024/01/21","22:48","5.923","-","6.31"
"2024/01/21","22:54","6.098","-","6.49"
"2024/01/21","23:00","6.267","-","6.62"
"2024/01/21","23:06","6.431","-","6.79"
"2024/01/21","23:12","6.59","-","6.93"
"2024/01/21","23:18","6.743","-","7.11"
"2024/01/21","23:24","6.89","-","7.24"
"2024/01/21","23:30","7.031","-","7.38"
"2024/01/21","23:36","7.166","-","7.51"
"2024/01/21","23:42","7.294","-","7.63"
"2024/01/21","23:48","7.416","-","7.75"
"2024/01/21","23:54","7.531","-","7.88"
"2024/01/22","00:00","7.638","-","8"
"2024/01/22","00:06","7.738","-","8.09"
"2024/01/22","00:12","7.83","-","8.18"
"2024/01/22","00:18","7.914","-","8.25"
"2024/01/22","00:24","7.99","-","8.32"
"2024/01/22","00:30","8.057","-","8.38"
"2024/01/22","00:36","8.116","-","8.42"
"2024/01/22","00:42","8.165","-","8.42"
"2024/01/22","00:48","8.205","-","8.42"
"2024/01/22","00:54","8.235","-","8.4"
"2024/01/22","01:00","8.255","-","8.39"
"2024/01/22","01:06","8.266","-","8.37"
"2024/01/22","01:12","8.266","-","8.35"
"2024/01/22","01:18","8.256","-","8.31"
"2024/01/22","01:24","8.236","-","8.28"
"2024/01/22","01:30","8.206","-","8.21"
"2024/01/22","01:36","8.165","-","8.16"
"2024/01/22","01:42","8.114","-","8.1"
"2024/01/22","01:48","8.053","-","8.05"
"2024/01/22","01:54","7.982","-","7.96"
"2024/01/22","02:00","7.901","-","7.87"
"2024/01/22","02:06","7.811","-","7.78"
"2024/01/22","02:12","7.711","-","7.67"
"2024/01/22","02:18","7.602","-","7.55"
"2024/01/22","02:24","7.484","-","7.4"
"2024/01/22","02:30","7.358","-","7.28"
"2024/01/22","02:36","7.224","-","7.12"
"2024/01/22","02:42","7.083","-","6.97"
"2024/01/22","02:48","6.934","-","6.81"
"2024/01/22","02:54","6.779","-","6.69"
"2024/01/22","03:00","6.617","-","6.53"
"2024/01/22","03:06","6.45","-","6.33"
"2024/01/22","03:12","6.278","-","6.17"
"2024/01/22","03:18","6.101","-","5.98"
"2024/01/22","03:24","5.92","-","5.81"
"2024/01/22","03:30","5.736","-","5.6"
"2024/01/22","03:36","5.549","-","5.43"
"2024/01/22","03:42","5.36","-","5.22"
"2024/01/22","03:48","5.169","-","5"
"2024/01/22","03:54","4.977","-","4.78"
"2024/01/22","04:00","4.784","-","4.58"
"2024/01/22","04:06","4.592","-","4.38"
"2024/01/22","04:12","4.4","-","4.17"
"2024/01/22","04:18","4.209","-","3.99"
"2024/01/22","04:24","4.02","-","3.78"
"2024/01/22","04:30","3.834","-","3.61"
"2024/01/22","04:36","3.651","-","3.43"
"2024/01/22","04:42","3.471","-","3.26"
"2024/01/22","04:48","3.295","-","3.1"
"2024/01/22","04:54","3.123","-","2.92"
"2024/01/22","05:00","2.957","-","2.76"
"2024/01/22","05:06","2.795","-","2.61"
"2024/01/22","05:12","2.64","-","2.45"
"2024/01/22","05:18","2.49","-","2.29"
"2024/01/22","05:24","2.347","-","2.16"
"2024/01/22","05:30","2.211","-","2"
"2024/01/22","05:36","2.082","-","1.85"
"2024/01/22","05:42","1.96","-","1.7"
"2024/01/22","05:48","1.846","-","1.6"
"2024/01/22","05:54","1.74","-","1.5"
"2024/01/22","06:00","1.642","-","1.42"
"2024/01/22","06:06","1.552","-","1.35"
"2024/01/22","06:12","1.47","-","1.29"
"2024/01/22","06:18","1.397","-","1.23"
"2024/01/22","06:24","1.333","-","1.21"
"2024/01/22","06:30","1.277","-","1.18"
"2024/01/22","06:36","1.231","-","1.15"
"2024/01/22","06:42","1.194","-","1.13"
"2024/01/22","06:48","1.167","-","1.12"
"2024/01/22","06:54","1.149","-","1.11"
"2024/01/22","07:00","1.14","-","1.1"
"2024/01/22","07:06","1.142","-","1.11"
"2024/01/22","07:12","1.153","-","1.13"
"2024/01/22","07:18","1.175","-","1.18"
"2024/01/22","07:24","1.207","-","1.26"
"2024/01/22","07:30","1.249","-","1.34"
"2024/01/22","07:36","1.302","-","1.43"
"2024/01/22","07:42","1.365","-","1.52"
"2024/01/22","07:48","1.439","-","1.62"
"2024/01/22","07:54","1.523","-","1.72"
"2024/01/22","08:00","1.618","-","1.84"
"2024/01/22","08:06","1.723","-","1.96"
"2024/01/22","08:12","1.839","-","2.1"
"2024/01/22","08:18","1.964","-","2.21"
"2024/01/22","08:24","2.099","-","2.37"
"2024/01/22","08:30","2.244","-","2.55"
"2024/01/22","08:36","2.398","-","2.68"
"2024/01/22","08:42","2.561","-","2.82"
"2024/01/22","08:48","2.732","-","3.02"
"2024/01/22","08:54","2.91","-","3.19"
"2024/01/22","09:00","3.096","-","3.37"
"2024/01/22","09:06","3.289","-","3.55"
"2024/01/22","09:12","3.487","-","3.75"
"2024/01/22","09:18","3.69","-","3.95"
"2024/01/22","09:24","3.898","-","4.16"
"2024/01/22","09:30","4.109","-","4.39"
"2024/01/22","09:36","4.324","-","4.6"
"2024/01/22","09:42","4.54","-","4.83"
"2024/01/22","09:48","4.758","-","5.04"
"2024/01/22","09:54","4.977","-","5.26"
"2024/01/22","10:00","5.196","-","5.5"
"2024/01/22","10:06","5.414","-","5.74"
"2024/01/22","10:12","5.631","-","5.95"
"2024/01/22","10:18","5.846","-","6.15"
"2024/01/22","10:24","6.059","-","6.39"
"2024/01/22","10:30","6.268","-","6.6"
"2024/01/22","10:36","6.474","-","6.83"
"2024/01/22","10:42","6.677","-","7.07"
"2024/01/22","10:48","6.875","-","7.26"
"2024/01/22","10:54","7.068","-","7.51"
"2024/01/22","11:00","7.256","-","7.69"
"2024/01/22","11:06","7.439","-","7.87"
"2024/01/22","11:12","7.617","-","8.07"
"2024/01/22","11:18","7.789","-","8.28"
"2024/01/22","11:24","7.954","-","8.45"
"2024/01/22","11:30","8.114","-","8.63"
"2024/01/22","11:36","8.267","-","8.78"
"2024/01/22","11:42","8.414","-","8.92"
"2024/01/22","11:48","8.553","-","9.05"
"2024/01/22","11:54","8.686","-","9.17"
"2024/01/22","12:00","8.812","-","9.3"
"2024/01/22","12:06","8.93","-","9.43"
"2024/01/22","12:12","9.04","-","9.53"
"2024/01/22","12:18","9.143","-","9.64"
"2024/01/22","12:24","9.237","-","9.75"
"2024/01/22","12:30","9.324","-","9.82"
"2024/01/22","12:36","9.401","-","9.89"
"2024/01/22","12:42","9.469","-","9.97"
"2024/01/22","12:48","9.529","-","10.06"
"2024/01/22","12:54","9.578","-","10.08"
"2024/01/22","13:00","9.618","-","10.11"
"2024/01/22","13:06","9.648","-","10.11"
"2024/01/22","13:12","9.668","-","10.11"
"2024/01/22","13:18","9.678","-","10.07"
"2024/01/22","13:24","9.677","-","10.05"
"2024/01/22","13:30","9.665","-","10.05"
"2024/01/22","13:36","9.642","-","9.99"
"2024/01/22","13:42","9.608","-","9.91"
"2024/01/22","13:48","9.563","-","9.86"
"2024/01/22","13:54","9.507","-","9.79"
"2024/01/22","14:00","9.44","-","9.73"
"2024/01/22","14:06","9.363","-","9.67"
"2024/01/22","14:12","9.274","-","9.59"
"2024/01/22","14:18","9.175","-","9.48"
"2024/01/22","14:24","9.065","-","9.39"
"2024/01/22","14:30","8.945","-","9.25"
"2024/01/22","14:36","8.815","-","9.13"
"2024/01/22","14:42","8.676","-","9"
"2024/01/22","14:48","8.527","-","8.83"
"2024/01/22","14:54","8.369","-","8.66"
"2024/01/22","15:00","8.202","-","8.47"
"2024/01/22","15:06","8.027","-","8.29"
"2024/01/22","15:12","7.845","-","8.13"
"2024/01/22","15:18","7.655","-","7.94"
"2024/01/22","15:24","7.458","-","7.76"
"2024/01/22","15:30","7.255","-","7.54"
"2024/01/22","15:36","7.047","-","7.32"
"2024/01/22","15:42","6.833","-","7.1"
"2024/01/22","15:48","6.614","-","6.88"
"2024/01/22","15:54","6.391","-","6.64"
"2024/01/22","16:00","6.165","-","6.41"
"2024/01/22","16:06","5.935","-","6.17"
"2024/01/22","16:12","5.703","-","5.89"
"2024/01/22","16:18","5.469","-","5.65"
"2024/01/22","16:24","5.234","-","5.39"
"2024/01/22","16:30","4.998","-","5.13"
"2024/01/22","16:36","4.762","-","4.88"
"2024/01/22","16:42","4.527","-","4.65"
"2024/01/22","16:48","4.292","-","4.42"
"2024/01/22","16:54","4.059","-","4.21"
"2024/01/22","17:00","3.829","-","3.95"
"2024/01/22","17:06","3.601","-","3.72"
"2024/01/22","17:12","3.376","-","3.52"
"2024/01/22","17:18","3.155","-","3.31"
"2024/01/22","17:24","2.939","-","3.09"
"2024/01/22","17:30","2.727","-","2.87"
"2024/01/22","17:36","2.52","-","2.66"
"2024/01/22","17:42","2.319","-","2.47"
"2024/01/22","17:48","2.124","-","2.29"
"2024/01/22","17:54","1.936","-","2.09"
"2024/01/22","18:00","1.754","-","1.91"
"2024/01/22","18:06","1.579","-","1.72"
"2024/01/22","18:12","1.412","-","1.54"
"2024/01/22","18:18","1.252","-","1.36"
"2024/01/22","18:24","1.101","-","1.21"
"2024/01/22","18:30","0.958","-","1.07"
"2024/01/22","18:36","0.823","-","0.94"
"2024/01/22","18:42","0.697","-","0.83"
"2024/01/22","18:48","0.58","-","0.75"
"2024/01/22","18:54","0.473","-","0.67"
"2024/01/22","19:00","0.374","-","0.59"
"2024/01/22","19:06","0.286","-","0.52"
"2024/01/22","19:12","0.207","-","0.46"
"2024/01/22","19:18","0.138","-","0.38"
"2024/01/22","19:24","0.08","-","0.33"
"2024/01/22","19:30","0.032","-","0.28"
"2024/01/22","19:36","-0.005","-","0.24"
"2024/01/22","19:42","-0.031","-","0.2"
"2024/01/22","19:48","-0.047","-","0.2"
"2024/01/22","19:54","-0.051","-","0.23"
"2024/01/22","20:00","-0.043","-","0.26"
"2024/01/22","20:06","-0.025","-","0.27"
"2024/01/22","20:12","0.006","-","0.29"
"2024/01/22","20:18","0.048","-","0.33"
"2024/01/22","20:24","0.101","-","0.39"
"2024/01/22","20:30","0.166","-","0.46"
"2024/01/22","20:36","0.242","-","0.55"
"2024/01/22","20:42","0.33","-","0.67"
"2024/01/22","20:48","0.429","-","0.78"
"2024/01/22","20:54","0.539","-","0.88"
"2024/01/22","21:00","0.659","-","0.98"
"2024/01/22","21:06","0.789","-","1.08"
"2024/01/22","21:12","0.929","-","1.23"
"2024/01/22","21:18","1.079","-","1.35"
"2024/01/22","21:24","1.237","-","1.49"
"2024/01/22","21:30","1.403","-","1.63"
"2024/01/22","21:36","1.577","-","1.77"
"2024/01/22","21:42","1.758","-","1.96"
"2024/01/22","21:48","1.945","-","2.18"
"2024/01/22","21:54","2.137","-","2.34"
"2024/01/22","22:00","2.334","-","2.55"
"2024/01/22","22:06","2.536","-","2.79"
"2024/01/22","22:12","2.741","-","2.95"
"2024/01/22","22:18","2.948","-","3.17"
"2024/01/22","22:24","3.157","-","3.38"
"2024/01/22","22:30","3.368","-","3.58"
"2024/01/22","22:36","3.58","-","3.8"
"2024/01/22","22:42","3.791","-","4.01"
"2024/01/22","22:48","4.002","-","4.22"
"2024/01/22","22:54","4.212","-","4.46"
"2024/01/22","23:00","4.42","-","4.65"
"2024/01/22","23:06","4.627","-","4.85"
"2024/01/22","23:12","4.831","-","5.06"
"2024/01/22","23:18","5.032","-","5.26"
"2024/01/22","23:24","5.23","-","5.49"
"2024/01/22","23:30","5.424","-","5.64"
"2024/01/22","23:36","5.615","-","5.88"
"2024/01/22","23:42","5.802","-","6.07"
"2024/01/22","23:48","5.984","-","6.28"
"2024/01/22","23:54","6.161","-","6.44"
"2024/01/23","00:00","6.334","-","6.63"
"2024/01/23","00:06","6.501","-","6.78"
"2024/01/23","00:12","6.663","-","6.93"
"2024/01/23","00:18","6.82","-","7.1"
"2024/01/23","00:24","6.97","-","7.21"
"2024/01/23","00:30","7.114","-","7.4"
"2024/01/23","00:36","7.252","-","7.47"
"2024/01/23","00:42","7.383","-","7.61"
"2024/01/23","00:48","7.507","-","7.7"
"2024/01/23","00:54","7.623","-","7.83"
"2024/01/23","01:00","7.732","-","7.88"
"2024/01/23","01:06","7.833","-","8"
"2024/01/23","01:12","7.925","-","8.05"
"2024/01/23","01:18","8.009","-","8.13"
"2024/01/23","01:24","8.084","-","8.15"
"2024/01/23","01:30","8.149","-","8.23"
"2024/01/23","01:36","8.205","-","8.25"
"2024/01/23","01:42","8.251","-","8.27"
"2024/01/23","01:48","8.287","-","8.3"
"2024/01/23","01:54","8.313","-","8.3"
"2024/01/23","02:00","8.329","-","8.3"
"2024/01/23","02:06","8.334","-","8.31"
"2024/01/23","02:12","8.329","-","8.28"
"2024/01/23","02:18","8.313","-","8.26"
"2024/01/23","02:24","8.286","-","8.25"
"2024/01/23","02:30","8.249","-","8.2"
"2024/01/23","02:36","8.201","-","8.16"
"2024/01/23","02:42","8.144","-","8.1"
"2024/01/23","02:48","8.075","-","8.02"
"2024/01/23","02:54","7.997","-","7.91"
"2024/01/23","03:00","7.909","-","7.85"
"2024/01/23","03:06","7.812","-","7.76"
"2024/01/23","03:12","7.705","-","7.68"
"2024/01/23","03:18","7.59","-","7.54"
"2024/01/23","03:24","7.466","-","7.4"
"2024/01/23","03:30","7.334","-","7.26"
"2024/01/23","03:36","7.194","-","7.09"
"2024/01/23","03:42","7.047","-","6.99"
"2024/01/23","03:48","6.893","-","6.82"
"2024/01/23","03:54","6.733","-","6.67"
"2024/01/23","04:00","6.567","-","6.46"
"2024/01/23","04:06","6.395","-","6.28"
"2024/01/23","04:12","6.219","-","6.07"
"2024/01/23","04:18","6.038","-","5.89"
"2024/01/23","04:24","5.853","-","5.68"
"2024/01/23","04:30","5.665","-","5.51"
"2024/01/23","04:36","5.475","-","5.33"
"2024/01/23","04:42","5.282","-","5.07"
"2024/01/23","04:48","5.088","-","4.84"
"2024/01/23","04:54","4.893","-","4.63"
"2024/01/23","05:00","4.698","-","4.43"
"2024/01/23","05:06","4.503","-","4.21"
"2024/01/23","05:12","4.308","-","3.99"
"2024/01/23","05:18","4.115","-","3.8"
"2024/01/23","05:24","3.924","-","3.62"
"2024/01/23","05:30","3.736","-","3.43"
"2024/01/23","05:36","3.55","-","3.22"
"2024/01/23","05:42","3.369","-","3.02"
"2024/01/23","05:48","3.191","-","2.85"
"2024/01/23","05:54","3.018","-","2.67"
"2024/01/23","06:00","2.85","-","2.46"
"2024/01/23","06:06","2.688","-","2.3"
"2024/01/23","06:12","2.532","-","2.15"
"2024/01/23","06:18","2.382","-","2.01"
"2024/01/23","06:24","2.238","-","1.84"
"2024/01/23","06:30","2.102","-","1.72"
"2024/01/23","06:36","1.973","-","1.58"
"2024/01/23","06:42","1.852","-","1.46"
"2024/01/23","06:48","1.739","-","1.32"
"2024/01/23","06:54","1.635","-","1.26"
"2024/01/23","07:00","1.538","-","1.19"
"2024/01/23","07:06","1.451","-","1.11"
"2024/01/23","07:12","1.372","-","1.03"
"2024/01/23","07:18","1.303","-","0.98"
"2024/01/23","07:24","1.243","-","0.9"
"2024/01/23","07:30","1.192","-","0.8"
"2024/01/23","07:36","1.151","-","0.73"
"2024/01/23","07:42","1.12","-","0.68"
"2024/01/23","07:48","1.099","-","0.67"
"2024/01/23","07:54","1.088","-","0.67"
"2024/01/23","08:00","1.088","-","0.68"
"2024/01/23","08:06","1.098","-","0.72"
"2024/01/23","08:12","1.118","-","0.77"
"2024/01/23","08:18","1.149","-","0.81"
"2024/01/23","08:24","1.191","-","0.82"
"2024/01/23","08:30","1.244","-","0.88"
"2024/01/23","08:36","1.308","-","0.94"
"2024/01/23","08:42","1.382","-","1.01"
"2024/01/23","08:48","1.467","-","1.13"
"2024/01/23","08:54","1.563","-","1.24"
"2024/01/23","09:00","1.67","-","1.35"
"2024/01/23","09:06","1.787","-","1.46"
"2024/01/23","09:12","1.914","-","1.6"
"2024/01/23","09:18","2.052","-","1.69"
"2024/01/23","09:24","2.198","-","1.81"
"2024/01/23","09:30","2.354","-","2"
"2024/01/23","09:36","2.519","-","2.19"
"2024/01/23","09:42","2.692","-","2.39"
"2024/01/23","09:48","2.873","-","2.6"
"2024/01/23","09:54","3.061","-","2.78"
"2024/01/23","10:00","3.255","-","2.99"
"2024/01/23","10:06","3.456","-","3.17"
"2024/01/23","10:12","3.661","-","3.36"
"2024/01/23","10:18","3.871","-","3.56"
"2024/01/23","10:24","4.084","-","3.8"
"2024/01/23","10:30","4.301","-","4.01"
"2024/01/23","10:36","4.52","-","4.21"
"2024/01/23","10:42","4.74","-","4.42"
"2024/01/23","10:48","4.961","-","4.61"
"2024/01/23","10:54","5.183","-","4.83"
"2024/01/23","11:00","5.404","-","5.05"
"2024/01/23","11:06","5.623","-","5.27"
"2024/01/23","11:12","5.842","-","5.5"
"2024/01/23","11:18","6.057","-","5.73"
"2024/01/23","11:24","6.27","-","5.96"
"2024/01/23","11:30","6.48","-","6.19"
"2024/01/23","11:36","6.686","-","6.45"
"2024/01/23","11:42","6.888","-","6.64"
"2024/01/23","11:48","7.086","-","6.84"
"2024/01/23","11:54","7.278","-","7.05"
"2024/01/23","12:00","7.466","-","7.27"
"2024/01/23","12:06","7.648","-","7.45"
"2024/01/23","12:12","7.824","-","7.67"
"2024/01/23","12:18","7.995","-","7.83"
"2024/01/23","12:24","8.159","-","8.01"
"2024/01/23","12:30","8.317","-","8.15"
"2024/01/23","12:36","8.468","-","8.35"
"2024/01/23","12:42","8.612","-","8.51"
"2024/01/23","12:48","8.749","-","8.67"
"2024/01/23","12:54","8.878","-","8.8"
"2024/01/23","13:00","9","-","8.94"
"2024/01/23","13:06","9.113","-","9.02"
"2024/01/23","13:12","9.219","-","9.1"
"2024/01/23","13:18","9.315","-","9.21"
"2024/01/23","13:24","9.404","-","9.29"
"2024/01/23","13:30","9.482","-","9.3"
"2024/01/23","13:36","9.552","-","9.4"
"2024/01/23","13:42","9.612","-","9.43"
"2024/01/23","13:48","9.662","-","9.44"
"2024/01/23","13:54","9.702","-","9.47"
"2024/01/23","14:00","9.731","-","9.49"
"2024/01/23","14:06","9.75","-","9.5"
"2024/01/23","14:12","9.758","-","9.54"
"2024/01/23","14:18","9.755","-","9.57"
"2024/01/23","14:24","9.741","-","9.51"
"2024/01/23","14:30","9.716","-","9.49"
"2024/01/23","14:36","9.68","-","9.41"
"2024/01/23","14:42","9.632","-","9.39"
"2024/01/23","14:48","9.574","-","9.36"
"2024/01/23","14:54","9.504","-","9.28"
"2024/01/23","15:00","9.423","-","9.14"
"2024/01/23","15:06","9.331","-","9.09"
"2024/01/23","15:12","9.229","-","8.94"
"2024/01/23","15:18","9.116","-","8.86"
"2024/01/23","15:24","8.993","-","8.72"
"2024/01/23","15:30","8.859","-","8.6"
"2024/01/23","15:36","8.716","-","8.43"
"2024/01/23","15:42","8.564","-","8.31"
"2024/01/23","15:48","8.403","-","8.14"
"2024/01/23","15:54","8.232","-","7.97"
"2024/01/23","16:00","8.054","-","7.75"
"2024/01/23","16:06","7.868","-","7.59"
"2024/01/23","16:12","7.674","-","7.38"
"2024/01/23","16:18","7.474","-","7.17"
"2024/01/23","16:24","7.267","-","6.98"
"2024/01/23","16:30","7.054","-","6.74"
"2024/01/23","16:36","6.835","-","6.54"
"2024/01/23","16:42","6.612","-","6.31"
"2024/01/23","16:48","6.384","-","6.14"
"2024/01/23","16:54","6.152","-","5.88"
"2024/01/23","17:00","5.918","-","5.71"
"2024/01/23","17:06","5.68","-","5.43"
"2024/01/23","17:12","5.441","-","5.21"
"2024/01/23","17:18","5.2","-","4.97"
"2024/01/23","17:24","4.958","-","4.74"
"2024/01/23","17:30","4.715","-","4.49"
"2024/01/23","17:36","4.474","-","4.26"
"2024/01/23","17:42","4.233","-","4.04"
"2024/01/23","17:48","3.994","-","3.76"
"2024/01/23","17:54","3.757","-","3.54"
"2024/01/23","18:00","3.522","-","3.31"
"2024/01/23","18:06","3.291","-","3.08"
"2024/01/23","18:12","3.064","-","2.84"
"2024/01/23","18:18","2.842","-","2.61"
"2024/01/23","18:24","2.624","-","2.4"
"2024/01/23","18:30","2.412","-","2.19"
"2024/01/23","18:36","2.206","-","1.96"
"2024/01/23","18:42","2.006","-","1.77"
"2024/01/23","18:48","1.813","-","1.55"
"2024/01/23","18:54","1.628","-","1.34"
"2024/01/23","19:00","1.45","-","1.16"
"2024/01/23","19:06","1.279","-","0.98"
"2024/01/23","19:12","1.117","-","0.84"
"2024/01/23","19:18","0.964","-","0.68"
"2024/01/23","19:24","0.819","-","0.57"
"2024/01/23","19:30","0.683","-","0.46"
"2024/01/23","19:36","0.557","-","0.34"
"2024/01/23","19:42","0.44","-","0.28"
"2024/01/23","19:48","0.333","-","0.17"
"2024/01/23","19:54","0.236","-","0.1"
"2024/01/23","20:00","0.149","-","0.06"
"2024/01/23","20:06","0.073","-","-0.02"
"2024/01/23","20:12","0.007","-","-0.12"
"2024/01/23","20:18","-0.048","-","-0.15"
"2024/01/23","20:24","-0.093","-","-0.18"
"2024/01/23","20:30","-0.126","-","-0.17"
"2024/01/23","20:36","-0.147","-","-0.18"
"2024/01/23","20:42","-0.158","-","-0.17"
"2024/01/23","20:48","-0.157","-","-0.15"
"2024/01/23","20:54","-0.144","-","-0.15"
"2024/01/23","21:00","-0.12","-","-0.12"
"2024/01/23","21:06","-0.083","-","-0.07"
"2024/01/23","21:12","-0.035","-","0.04"
"2024/01/23","21:18","0.024","-","0.12"
"2024/01/23","21:24","0.096","-","0.21"
"2024/01/23","21:30","0.179","-","0.32"
"2024/01/23","21:36","0.273","-","0.4"
"2024/01/23","21:42","0.379","-","0.47"
"2024/01/23","21:48","0.495","-","0.59"
"2024/01/23","21:54","0.622","-","0.68"
"2024/01/23","22:00","0.759","-","0.84"
"2024/01/23","22:06","0.906","-","0.96"
"2024/01/23","22:12","1.062","-","1.11"
"2024/01/23","22:18","1.227","-","1.25"
"2024/01/23","22:24","1.4","-","1.42"
"2024/01/23","22:30","1.581","-","1.6"
"2024/01/23","22:36","1.768","-","1.79"
"2024/01/23","22:42","1.961","-","1.98"
"2024/01/23","22:48","2.16","-","2.17"
"2024/01/23","22:54","2.364","-","2.34"
"2024/01/23","23:00","2.572","-","2.58"
"2024/01/23","23:06","2.783","-","2.77"
"2024/01/23","23:12","2.997","-","3.01"
"2024/01/23","23:18","3.212","-","3.19"
"2024/01/23","23:24","3.429","-","3.36"
"2024/01/23","23:30","3.647","-","3.58"
"2024/01/23","23:36","3.865","-","3.74"
"2024/01/23","23:42","4.082","-","3.95"
"2024/01/23","23:48","4.298","-","4.22"
"2024/01/23","23:54","4.512","-","4.42"
"2024/01/24","00:00","4.724","-","4.7"
"2024/01/24","00:06","4.934","-","4.95"
"2024/01/24","00:12","5.14","-","5.12"
"2024/01/24","00:18","5.343","-","5.44"
"2024/01/24","00:24","5.543","-","5.59"
"2024/01/24","00:30","5.738","-","5.84"
"2024/01/24","00:36","5.929","-","6.06"
"2024/01/24","00:42","6.115","-","6.29"
"2024/01/24","00:48","6.296","-","6.49"
"2024/01/24","00:54","6.472","-","6.67"
"2024/01/24","01:00","6.642","-","6.82"
"2024/01/24","01:06","6.807","-","7.01"
"2024/01/24","01:12","6.965","-","7.12"
"2024/01/24","01:18","7.117","-","7.28"
"2024/01/24","01:24","7.262","-","7.4"
"2024/01/24","01:30","7.4","-","7.54"
"2024/01/24","01:36","7.531","-","7.65"
"2024/01/24","01:42","7.654","-","7.75"
"2024/01/24","01:48","7.769","-","7.86"
"2024/01/24","01:54","7.876","-","7.95"
"2024/01/24","02:00","7.974","-","7.99"
"2024/01/24","02:06","8.064","-","8.05"
"2024/01/24","02:12","8.144","-","8.14"
"2024/01/24","02:18","8.215","-","8.16"
"2024/01/24","02:24","8.276","-","8.18"
"2024/01/24","02:30","8.328","-","8.24"
"2024/01/24","02:36","8.369","-","8.27"
"2024/01/24","02:42","8.4","-","8.27"
"2024/01/24","02:48","8.42","-","8.25"
"2024/01/24","02:54","8.43","-","8.3"
"2024/01/24","03:00","8.429","-","8.3"
"2024/01/24","03:06","8.418","-","8.28"
"2024/01/24","03:12","8.396","-","8.31"
"2024/01/24","03:18","8.363","-","8.29"
"2024/01/24","03:24","8.319","-","8.22"
"2024/01/24","03:30","8.265","-","8.15"
"2024/01/24","03:36","8.2","-","8.15"
"2024/01/24","03:42","8.126","-","8.08"
"2024/01/24","03:48","8.041","-","7.98"
"2024/01/24","03:54","7.946","-","7.93"
"2024/01/24","04:00","7.842","-","7.82"
"2024/01/24","04:06","7.728","-","7.7"
"2024/01/24","04:12","7.606","-","7.6"
"2024/01/24","04:18","7.475","-","7.5"
"2024/01/24","04:24","7.335","-","7.37"
"2024/01/24","04:30","7.188","-","7.22"
"2024/01/24","04:36","7.034","-","7.07"
"2024/01/24","04:42","6.872","-","6.88"
"2024/01/24","04:48","6.704","-","6.72"
"2024/01/24","04:54","6.531","-","6.5"
"2024/01/24","05:00","6.351","-","6.37"
"2024/01/24","05:06","6.167","-","6.17"
"2024/01/24","05:12","5.978","-","5.98"
"2024/01/24","05:18","5.786","-","5.77"
"2024/01/24","05:24","5.59","-","5.58"
"2024/01/24","05:30","5.391","-","5.41"
"2024/01/24","05:36","5.191","-","5.16"
"2024/01/24","05:42","4.989","-","4.97"
"2024/01/24","05:48","4.787","-","4.81"
"2024/01/24","05:54","4.584","-","4.6"
"2024/01/24","06:00","4.381","-","4.43"
"2024/01/24","06:06","4.18","-","4.22"
"2024/01/24","06:12","3.981","-","4.04"
"2024/01/24","06:18","3.784","-","3.79"
"2024/01/24","06:24","3.59","-","3.59"
"2024/01/24","06:30","3.399","-","3.42"
"2024/01/24","06:36","3.213","-","3.25"
"2024/01/24","06:42","3.031","-","3.1"
"2024/01/24","06:48","2.855","-","2.9"
"2024/01/24","06:54","2.684","-","2.78"
"2024/01/24","07:00","2.519","-","2.61"
"2024/01/24","07:06","2.361","-","2.46"
"2024/01/24","07:12","2.211","-","2.31"
"2024/01/24","07:18","2.067","-","2.18"
"2024/01/24","07:24","1.932","-","2.04"
"2024/01/24","07:30","1.804","-","1.97"
"2024/01/24","07:36","1.685","-","1.86"
"2024/01/24","07:42","1.575","-","1.79"
"2024/01/24","07:48","1.473","-","1.69"
"2024/01/24","07:54","1.381","-","1.6"
"2024/01/24","08:00","1.298","-","1.53"
"2024/01/24","08:06","1.224","-","1.5"
"2024/01/24","08:12","1.16","-","1.44"
"2024/01/24","08:18","1.106","-","1.38"
"2024/01/24","08:24","1.061","-","1.36"
"2024/01/24","08:30","1.027","-","1.41"
"2024/01/24","08:36","1.003","-","1.38"
"2024/01/24","08:42","0.99","-","1.42"
"2024/01/24","08:48","0.987","-","1.43"
"2024/01/24","08:54","0.995","-","1.45"
"2024/01/24","09:00","1.013","-","1.48"
"2024/01/24","09:06","1.042","-","1.54"
"2024/01/24","09:12","1.082","-","1.6"
"2024/01/24","09:18","1.133","-","1.64"
"2024/01/24","09:24","1.195","-","1.7"
"2024/01/24","09:30","1.268","-","1.74"
"2024/01/24","09:36","1.351","-","1.91"
"2024/01/24","09:42","1.446","-","1.98"
"2024/01/24","09:48","1.552","-","2.07"
"2024/01/24","09:54","1.668","-","2.17"
"2024/01/24","10:00","1.794","-","2.31"
"2024/01/24","10:06","1.931","-","2.44"
"2024/01/24","10:12","2.078","-","2.56"
"2024/01/24","10:18","2.234","-","2.75"
"2024/01/24","10:24","2.399","-","2.94"
"2024/01/24","10:30","2.573","-","3.08"
"2024/01/24","10:36","2.755","-","3.28"
"2024/01/24","10:42","2.945","-","3.5"
"2024/01/24","10:48","3.141","-","3.63"
"2024/01/24","10:54","3.344","-","3.79"
"2024/01/24","11:00","3.553","-","4.08"
"2024/01/24","11:06","3.766","-","4.24"
"2024/01/24","11:12","3.984","-","4.45"
"2024/01/24","11:18","4.205","-","4.71"
"2024/01/24","11:24","4.429","-","4.93"
"2024/01/24","11:30","4.655","-","5.18"
"2024/01/24","11:36","4.882","-","5.38"
"2024/01/24","11:42","5.11","-","5.63"
"2024/01/24","11:48","5.337","-","5.88"
"2024/01/24","11:54","5.564","-","6.09"
"2024/01/24","12:00","5.789","-","6.31"
"2024/01/24","12:06","6.012","-","6.58"
"2024/01/24","12:12","6.232","-","6.82"
"2024/01/24","12:18","6.449","-","7.05"
"2024/01/24","12:24","6.663","-","7.3"
"2024/01/24","12:30","6.872","-","7.48"
"2024/01/24","12:36","7.076","-","7.67"
"2024/01/24","12:42","7.275","-","7.9"
"2024/01/24","12:48","7.47","-","8.11"
"2024/01/24","12:54","7.658","-","8.32"
"2024/01/24","13:00","7.84","-","8.51"
"2024/01/24","13:06","8.016","-","8.72"
"2024/01/24","13:12","8.185","-","8.81"
"2024/01/24","13:18","8.348","-","9.01"
"2024/01/24","13:24","8.503","-","9.15"
"2024/01/24","13:30","8.651","-","9.37"
"2024/01/24","13:36","8.792","-","9.48"
"2024/01/24","13:42","8.924","-","9.66"
"2024/01/24","13:48","9.049","-","9.72"
"2024/01/24","13:54","9.165","-","9.84"
"2024/01/24","14:00","9.273","-","9.89"
"2024/01/24","14:06","9.372","-","10.02"
"2024/01/24","14:12","9.462","-","10.13"
"2024/01/24","14:18","9.542","-","10.18"
"2024/01/24","14:24","9.613","-","10.23"
"2024/01/24","14:30","9.674","-","10.25"
"2024/01/24","14:36","9.725","-","10.24"
"2024/01/24","14:42","9.766","-","10.29"
"2024/01/24","14:48","9.797","-","10.34"
"2024/01/24","14:54","9.816","-","10.35"
"2024/01/24","15:00","9.825","-","10.29"
"2024/01/24","15:06","9.823","-","10.29"
"2024/01/24","15:12","9.81","-","10.22"
"2024/01/24","15:18","9.785","-","10.17"
"2024/01/24","15:24","9.749","-","10.15"
"2024/01/24","15:30","9.702","-","10.12"
"2024/01/24","15:36","9.644","-","10.02"
"2024/01/24","15:42","9.574","-","9.91"
"2024/01/24","15:48","9.493","-","9.86"
"2024/01/24","15:54","9.402","-","9.81"
"2024/01/24","16:00","9.299","-","9.68"
"2024/01/24","16:06","9.185","-","9.55"
"2024/01/24","16:12","9.061","-","9.44"
"2024/01/24","16:18","8.926","-","9.32"
"2024/01/24","16:24","8.782","-","9.15"
"2024/01/24","16:30","8.628","-","8.98"
"2024/01/24","16:36","8.464","-","8.85"
"2024/01/24","16:42","8.291","-","8.59"
"2024/01/24","16:48","8.11","-","8.37"
"2024/01/24","16:54","7.92","-","8.17"
"2024/01/24","17:00","7.723","-","7.97"
"2024/01/24","17:06","7.518","-","7.76"
"2024/01/24","17:12","7.307","-","7.53"
"2024/01/24","17:18","7.089","-","7.38"
"2024/01/24","17:24","6.865","-","7.12"
"2024/01/24","17:30","6.636","-","6.91"
"2024/01/24","17:36","6.403","-","6.66"
"2024/01/24","17:42","6.165","-","6.45"
"2024/01/24","17:48","5.924","-","6.19"
"2024/01/24","17:54","5.68","-","5.87"
"2024/01/24","18:00","5.434","-","5.64"
"2024/01/24","18:06","5.186","-","5.41"
"2024/01/24","18:12","4.938","-","5.14"
"2024/01/24","18:18","4.689","-","4.84"
"2024/01/24","18:24","4.441","-","4.55"
"2024/01/24","18:30","4.194","-","4.33"
"2024/01/24","18:36","3.948","-","4.13"
"2024/01/24","18:42","3.705","-","3.88"
"2024/01/24","18:48","3.466","-","3.66"
"2024/01/24","18:54","3.229","-","3.47"
"2024/01/24","19:00","2.998","-","3.23"
"2024/01/24","19:06","2.771","-","2.98"
"2024/01/24","19:12","2.549","-","2.74"
"2024/01/24","19:18","2.333","-","2.47"
"2024/01/24","19:24","2.124","-","2.23"
"2024/01/24","19:30","1.922","-","1.97"
"2024/01/24","19:36","1.727","-","1.77"
"2024/01/24","19:42","1.54","-","1.59"
"2024/01/24","19:48","1.361","-","1.37"
"2024/01/24","19:54","1.19","-","1.21"
"2024/01/24","20:00","1.028","-","1.02"
"2024/01/24","20:06","0.875","-","0.89"
"2024/01/24","20:12","0.731","-","0.76"
"2024/01/24","20:18","0.596","-","0.67"
"2024/01/24","20:24","0.471","-","0.55"
"2024/01/24","20:30","0.357","-","0.45"
"2024/01/24","20:36","0.252","-","0.41"
"2024/01/24","20:42","0.157","-","0.36"
"2024/01/24","20:48","0.073","-","0.27"
"2024/01/24","20:54","-0.001","-","0.19"
"2024/01/24","21:00","-0.064","-","0.15"
"2024/01/24","21:06","-0.116","-","0.09"
"2024/01/24","21:12","-0.157","-","0.02"
"2024/01/24","21:18","-0.187","-","0"
"2024/01/24","21:24","-0.206","-","0.04"
"2024/01/24","21:30","-0.213","-","0.06"
"2024/01/24","21:36","-0.209","-","0.03"
"2024/01/24","21:42","-0.193","-","0.15"
"2024/01/24","21:48","-0.165","-","0.2"
"2024/01/24","21:54","-0.125","-","0.24"
"2024/01/24","22:00","-0.074","-","0.27"
"2024/01/24","22:06","-0.011","-","0.31"
"2024/01/24","22:12","0.064","-","0.39"
"2024/01/24","22:18","0.151","-","0.52"
"2024/01/24","22:24","0.249","-","0.6"
"2024/01/24","22:30","0.359","-","0.75"
"2024/01/24","22:36","0.48","-","0.84"
"2024/01/24","22:42","0.611","-","0.96"
"2024/01/24","22:48","0.753","-","1.07"
"2024/01/24","22:54","0.904","-","1.18"
"2024/01/24","23:00","1.066","-","1.34"
"2024/01/24","23:06","1.236","-","1.49"
"2024/01/24","23:12","1.414","-","1.67"
"2024/01/24","23:18","1.601","-","1.92"
"2024/01/24","23:24","1.794","-","2.1"
"2024/01/24","23:30","1.994","-","2.27"
"2024/01/24","23:36","2.2","-","2.52"
"2024/01/24","23:42","2.41","-","2.74"
"2024/01/24","23:48","2.625","-","2.96"
"2024/01/24","23:54","2.843","-","3.2"
"2024/01/25","00:00","3.064","-","3.41"
"2024/01/25","00:06","3.286","-","3.66"
"2024/01/25","00:12","3.51","-","3.87"
"2024/01/25","00:18","3.735","-","4.11"
"2024/01/25","00:24","3.959","-","4.32"
"2024/01/25","00:30","4.182","-","4.57"
"2024/01/25","00:36","4.404","-","4.76"
"2024/01/25","00:42","4.624","-","5.03"
"2024/01/25","00:48","4.842","-","5.25"
"2024/01/25","00:54","5.056","-","5.49"
"2024/01/25","01:00","5.267","-","5.73"
"2024/01/25","01:06","5.474","-","5.95"
"2024/01/25","01:12","5.677","-","6.18"
"2024/01/25","01:18","5.875","-","6.38"
"2024/01/25","01:24","6.068","-","6.6"
"2024/01/25","01:30","6.256","-","6.77"
"2024/01/25","01:36","6.439","-","6.98"
"2024/01/25","01:42","6.616","-","7.13"
"2024/01/25","01:48","6.786","-","7.28"
"2024/01/25","01:54","6.95","-","7.45"
"2024/01/25","02:00","7.108","-","7.63"
"2024/01/25","02:06","7.258","-","7.75"
"2024/01/25","02:12","7.402","-","7.88"
"2024/01/25","02:18","7.538","-","8.05"
"2024/01/25","02:24","7.667","-","8.19"
"2024/01/25","02:30","7.787","-","8.3"
"2024/01/25","02:36","7.9","-","8.43"
"2024/01/25","02:42","8.004","-","8.57"
"2024/01/25","02:48","8.099","-","8.64"
"2024/01/25","02:54","8.185","-","8.7"
"2024/01/25","03:00","8.262","-","8.8"
"2024/01/25","03:06","8.329","-","8.82"
"2024/01/25","03:12","8.387","-","8.87"
"2024/01/25","03:18","8.435","-","8.89"
"2024/01/25","03:24","8.472","-","8.93"
"2024/01/25","03:30","8.499","-","8.94"
"2024/01/25","03:36","8.516","-","8.92"
"2024/01/25","03:42","8.521","-","8.94"
"2024/01/25","03:48","8.516","-","8.93"
"2024/01/25","03:54","8.501","-","8.91"
"2024/01/25","04:00","8.474","-","8.88"
"2024/01/25","04:06","8.436","-","8.86"
"2024/01/25","04:12","8.388","-","8.84"
"2024/01/25","04:18","8.329","-","8.78"
"2024/01/25","04:24","8.259","-","8.71"
"2024/01/25","04:30","8.178","-","8.64"
"2024/01/25","04:36","8.088","-","8.56"
"2024/01/25","04:42","7.987","-","8.48"
"2024/01/25","04:48","7.876","-","8.41"
"2024/01/25","04:54","7.756","-","8.32"
"2024/01/25","05:00","7.627","-","8.2"
"2024/01/25","05:06","7.488","-","8.06"
"2024/01/25","05:12","7.342","-","7.96"
"2024/01/25","05:18","7.187","-","7.85"
"2024/01/25","05:24","7.024","-","7.65"
"2024/01/25","05:30","6.855","-","7.49"
"2024/01/25","05:36","6.679","-","7.3"
"2024/01/25","05:42","6.496","-","7.12"
"2024/01/25","05:48","6.309","-","6.92"
"2024/01/25","05:54","6.116","-","6.74"
"2024/01/25","06:00","5.919","-","6.54"
"2024/01/25","06:06","5.718","-","6.28"
"2024/01/25","06:12","5.514","-","6.06"
"2024/01/25","06:18","5.307","-","5.87"
"2024/01/25","06:24","5.099","-","5.65"
"2024/01/25","06:30","4.89","-","5.39"
"2024/01/25","06:36","4.68","-","5.18"
"2024/01/25","06:42","4.47","-","4.98"
"2024/01/25","06:48","4.262","-","4.75"
"2024/01/25","06:54","4.055","-","4.53"
"2024/01/25","07:00","3.85","-","4.32"
"2024/01/25","07:06","3.648","-","4.13"
"2024/01/25","07:12","3.45","-","3.88"
"2024/01/25","07:18","3.256","-","3.7"
"2024/01/25","07:24","3.066","-","3.52"
"2024/01/25","07:30","2.882","-","3.3"
"2024/01/25","07:36","2.704","-","3.17"
"2024/01/25","07:42","2.532","-","2.99"
"2024/01/25","07:48","2.367","-","2.84"
"2024/01/25","07:54","2.209","-","2.68"
"2024/01/25","08:00","2.059","-","2.48"
"2024/01/25","08:06","1.917","-","2.34"
"2024/01/25","08:12","1.783","-","2.19"
"2024/01/25","08:18","1.657","-","2.06"
"2024/01/25","08:24","1.541","-","1.94"
"2024/01/25","08:30","1.433","-","1.83"
"2024/01/25","08:36","1.335","-","1.72"
"2024/01/25","08:42","1.247","-","1.63"
"2024/01/25","08:48","1.168","-","1.54"
"2024/01/25","08:54","1.098","-","1.5"
"2024/01/25","09:00","1.039","-","1.44"
"2024/01/25","09:06","0.99","-","1.37"
"2024/01/25","09:12","0.95","-","1.35"
"2024/01/25","09:18","0.921","-","1.35"
"2024/01/25","09:24","0.903","-","1.34"
"2024/01/25","09:30","0.894","-","1.38"
"2024/01/25","09:36","0.897","-","1.38"
"2024/01/25","09:42","0.91","-","1.39"
"2024/01/25","09:48","0.934","-","1.44"
"2024/01/25","09:54","0.968","-","1.5"
"2024/01/25","10:00","1.014","-","1.53"
"2024/01/25","10:06","1.07","-","1.61"
"2024/01/25","10:12","1.138","-","1.69"
"2024/01/25","10:18","1.216","-","1.76"
"2024/01/25","10:24","1.306","-","1.87"
"2024/01/25","10:30","1.406","-","1.98"
"2024/01/25","10:36","1.518","-","2.1"
"2024/01/25","10:42","1.64","-","2.21"
"2024/01/25","10:48","1.772","-","2.34"
"2024/01/25","10:54","1.915","-","2.47"
"2024/01/25","11:00","2.068","-","2.62"
"2024/01/25","11:06","2.231","-","2.77"
"2024/01/25","11:12","2.402","-","2.9"
"2024/01/25","11:18","2.583","-","3.06"
"2024/01/25","11:24","2.772","-","3.24"
"2024/01/25","11:30","2.968","-","3.41"
"2024/01/25","11:36","3.172","-","3.63"
"2024/01/25","11:42","3.382","-","3.84"
"2024/01/25","11:48","3.597","-","4.01"
"2024/01/25","11:54","3.818","-","4.22"
"2024/01/25","12:00","4.042","-","4.43"
"2024/01/25","12:06","4.27","-","4.7"
"2024/01/25","12:12","4.501","-","4.93"
"2024/01/25","12:18","4.733","-","5.16"
"2024/01/25","12:24","4.967","-","5.42"
"2024/01/25","12:30","5.2","-","5.67"
"2024/01/25","12:36","5.433","-","5.92"
"2024/01/25","12:42","5.665","-","6.15"
"2024/01/25","12:48","5.895","-","6.41"
"2024/01/25","12:54","6.123","-","6.66"
"2024/01/25","13:00","6.347","-","6.89"
"2024/01/25","13:06","6.567","-","7.13"
"2024/01/25","13:12","6.783","-","7.35"
"2024/01/25","13:18","6.994","-","7.57"
"2024/01/25","13:24","7.2","-","7.81"
"2024/01/25","13:30","7.4","-","8"
"2024/01/25","13:36","7.595","-","8.22"
"2024/01/25","13:42","7.782","-","8.42"
"2024/01/25","13:48","7.964","-","8.61"
"2024/01/25","13:54","8.138","-","8.8"
"2024/01/25","14:00","8.305","-","8.96"
"2024/01/25","14:06","8.465","-","9.15"
"2024/01/25","14:12","8.617","-","9.29"
"2024/01/25","14:18","8.762","-","9.46"
"2024/01/25","14:24","8.898","-","9.6"
"2024/01/25","14:30","9.026","-","9.72"
"2024/01/25","14:36","9.146","-","9.82"
"2024/01/25","14:42","9.257","-","9.92"
"2024/01/25","14:48","9.36","-","10.04"
"2024/01/25","14:54","9.453","-","10.13"
"2024/01/25","15:00","9.537","-","10.19"
"2024/01/25","15:06","9.611","-","10.25"
"2024/01/25","15:12","9.676","-","10.27"
"2024/01/25","15:18","9.731","-","10.36"
"2024/01/25","15:24","9.776","-","10.38"
"2024/01/25","15:30","9.81","-","10.41"
"2024/01/25","15:36","9.834","-","10.39"
"2024/01/25","15:42","9.847","-","10.35"
"2024/01/25","15:48","9.849","-","10.33"
"2024/01/25","15:54","9.84","-","10.31"
"2024/01/25","16:00","9.819","-","10.26"
"2024/01/25","16:06","9.788","-","10.19"
"2024/01/25","16:12","9.745","-","10.1"
"2024/01/25","16:18","9.69","-","10.04"
"2024/01/25","16:24","9.624","-","9.96"
"2024/01/25","16:30","9.547","-","9.9"
"2024/01/25","16:36","9.458","-","9.81"
"2024/01/25","16:42","9.358","-","9.68"
"2024/01/25","16:48","9.247","-","9.59"
"2024/01/25","16:54","9.125","-","9.46"
"2024/01/25","17:00","8.992","-","9.33"
"2024/01/25","17:06","8.849","-","9.17"
"2024/01/25","17:12","8.695","-","9.02"
"2024/01/25","17:18","8.532","-","8.84"
"2024/01/25","17:24","8.359","-","8.69"
"2024/01/25","17:30","8.178","-","8.5"
"2024/01/25","17:36","7.987","-","8.33"
"2024/01/25","17:42","7.789","-","8.12"
"2024/01/25","17:48","7.582","-","7.93"
"2024/01/25","17:54","7.369","-","7.72"
"2024/01/25","18:00","7.148","-","7.51"
"2024/01/25","18:06","6.922","-","7.28"
"2024/01/25","18:12","6.691","-","7.03"
"2024/01/25","18:18","6.454","-","6.77"
"2024/01/25","18:24","6.213","-","6.49"
"2024/01/25","18:30","5.969","-","6.24"
"2024/01/25","18:36","5.722","-","5.97"
"2024/01/25","18:42","5.472","-","5.71"
"2024/01/25","18:48","5.221","-","5.45"
"2024/01/25","18:54","4.969","-","5.18"
"2024/01/25","19:00","4.717","-","4.91"
"2024/01/25","19:06","4.465","-","4.63"
"2024/01/25","19:12","4.215","-","4.36"
"2024/01/25","19:18","3.966","-","4.08"
"2024/01/25","19:24","3.721","-","3.82"
"2024/01/25","19:30","3.478","-","3.56"
"2024/01/25","19:36","3.239","-","3.32"
"2024/01/25","19:42","3.005","-","3.08"
"2024/01/25","19:48","2.776","-","2.82"
"2024/01/25","19:54","2.552","-","2.55"
"2024/01/25","20:00","2.335","-","2.35"
"2024/01/25","20:06","2.124","-","2.1"
"2024/01/25","20:12","1.921","-","1.88"
"2024/01/25","20:18","1.725","-","1.64"
"2024/01/25","20:24","1.537","-","1.43"
"2024/01/25","20:30","1.357","-","1.27"
"2024/01/25","20:36","1.186","-","1.09"
"2024/01/25","20:42","1.024","-","0.94"
"2024/01/25","20:48","0.87","-","0.79"
"2024/01/25","20:54","0.727","-","0.67"
"2024/01/25","21:00","0.593","-","0.5"
"2024/01/25","21:06","0.468","-","0.4"
"2024/01/25","21:12","0.354","-","0.3"
"2024/01/25","21:18","0.25","-","0.21"
"2024/01/25","21:24","0.156","-","0.15"
"2024/01/25","21:30","0.072","-","0.1"
"2024/01/25","21:36","-0.001","-","0.09"
"2024/01/25","21:42","-0.063","-","0.06"
"2024/01/25","21:48","-0.114","-","0.02"
"2024/01/25","21:54","-0.155","-","0.02"
"2024/01/25","22:00","-0.184","-","0.02"
"2024/01/25","22:06","-0.202","-","-0.03"
"2024/01/25","22:12","-0.209","-","-0.03"
"2024/01/25","22:18","-0.205","-","-0.01"
"2024/01/25","22:24","-0.188","-","-0.02"
"2024/01/25","22:30","-0.161","-","0.03"
"2024/01/25","22:36","-0.121","-","0.11"
"2024/01/25","22:42","-0.07","-","0.19"
"2024/01/25","22:48","-0.006","-","0.26"
"2024/01/25","22:54","0.068","-","0.29"
"2024/01/25","23:00","0.155","-","0.39"
"2024/01/25","23:06","0.253","-","0.46"
"2024/01/25","23:12","0.363","-","0.53"
"2024/01/25","23:18","0.484","-","0.65"
"2024/01/25","23:24","0.616","-","0.78"
"2024/01/25","23:30","0.758","-","0.92"
"2024/01/25","23:36","0.911","-","1.06"
"2024/01/25","23:42","1.074","-","1.24"
"2024/01/25","23:48","1.246","-","1.37"
"2024/01/25","23:54","1.426","-","1.56"
"2024/01/26","00:00","1.615","-","1.71"
"2024/01/26","00:06","1.811","-","1.93"
"2024/01/26","00:12","2.014","-","2.15"
"2024/01/26","00:18","2.223","-","2.36"
"2024/01/26","00:24","2.437","-","2.58"
"2024/01/26","00:30","2.655","-","2.85"
"2024/01/26","00:36","2.877","-","3.11"
"2024/01/26","00:42","3.102","-","3.36"
"2024/01/26","00:48","3.329","-","3.59"
"2024/01/26","00:54","3.558","-","3.84"
"2024/01/26","01:00","3.787","-","4.09"
"2024/01/26","01:06","4.015","-","4.3"
"2024/01/26","01:12","4.243","-","4.56"
"2024/01/26","01:18","4.469","-","4.77"
"2024/01/26","01:24","4.693","-","5.01"
"2024/01/26","01:30","4.914","-","5.25"
"2024/01/26","01:36","5.132","-","5.48"
"2024/01/26","01:42","5.346","-","5.72"
"2024/01/26","01:48","5.556","-","5.94"
"2024/01/26","01:54","5.761","-","6.14"
"2024/01/26","02:00","5.961","-","6.35"
"2024/01/26","02:06","6.156","-","6.59"
"2024/01/26","02:12","6.345","-","6.78"
"2024/01/26","02:18","6.528","-","6.96"
"2024/01/26","02:24","6.705","-","7.17"
"2024/01/26","02:30","6.876","-","7.34"
"2024/01/26","02:36","7.04","-","7.51"
"2024/01/26","02:42","7.197","-","7.65"
"2024/01/26","02:48","7.347","-","7.83"
"2024/01/26","02:54","7.49","-","7.94"
"2024/01/26","03:00","7.625","-","8.1"
"2024/01/26","03:06","7.752","-","8.21"
"2024/01/26","03:12","7.871","-","8.37"
"2024/01/26","03:18","7.983","-","8.47"
"2024/01/26","03:24","8.085","-","8.6"
"2024/01/26","03:30","8.179","-","8.64"
"2024/01/26","03:36","8.265","-","8.73"
"2024/01/26","03:42","8.34","-","8.79"
"2024/01/26","03:48","8.407","-","8.88"
"2024/01/26","03:54","8.463","-","8.95"
"2024/01/26","04:00","8.51","-","9.03"
"2024/01/26","04:06","8.547","-","9.01"
"2024/01/26","04:12","8.573","-","9.01"
"2024/01/26","04:18","8.588","-","8.99"
"2024/01/26","04:24","8.593","-","9.01"
"2024/01/26","04:30","8.587","-","8.99"
"2024/01/26","04:36","8.57","-","9"
"2024/01/26","04:42","8.542","-","8.97"
"2024/01/26","04:48","8.502","-","8.89"
"2024/01/26","04:54","8.452","-","8.81"
"2024/01/26","05:00","8.391","-","8.8"
"2024/01/26","05:06","8.319","-","8.77"
"2024/01/26","05:12","8.236","-","8.71"
"2024/01/26","05:18","8.142","-","8.65"
"2024/01/26","05:24","8.038","-","8.58"
"2024/01/26","05:30","7.924","-","8.45"
"2024/01/26","05:36","7.8","-","8.34"
"2024/01/26","05:42","7.667","-","8.22"
"2024/01/26","05:48","7.524","-","8.15"
"2024/01/26","05:54","7.373","-","7.97"
"2024/01/26","06:00","7.214","-","7.8"
"2024/01/26","06:06","7.047","-","7.63"
"2024/01/26","06:12","6.872","-","7.45"
"2024/01/26","06:18","6.691","-","7.28"
"2024/01/26","06:24","6.504","-","7.08"
"2024/01/26","06:30","6.311","-","6.9"
"2024/01/26","06:36","6.114","-","6.69"
"2024/01/26","06:42","5.912","-","6.48"
"2024/01/26","06:48","5.706","-","6.23"
"2024/01/26","06:54","5.498","-","6.02"
"2024/01/26","07:00","5.287","-","5.83"
"2024/01/26","07:06","5.074","-","5.55"
"2024/01/26","07:12","4.861","-","5.33"
"2024/01/26","07:18","4.647","-","5.11"
"2024/01/26","07:24","4.434","-","4.89"
"2024/01/26","07:30","4.222","-","4.67"
"2024/01/26","07:36","4.012","-","4.44"
"2024/01/26","07:42","3.804","-","4.25"
"2024/01/26","07:48","3.599","-","4.06"
"2024/01/26","07:54","3.398","-","3.85"
"2024/01/26","08:00","3.202","-","3.66"
"2024/01/26","08:06","3.01","-","3.5"
"2024/01/26","08:12","2.824","-","3.32"
"2024/01/26","08:18","2.644","-","3.13"
"2024/01/26","08:24","2.47","-","2.98"
"2024/01/26","08:30","2.304","-","2.77"
"2024/01/26","08:36","2.145","-","2.61"
"2024/01/26","08:42","1.994","-","2.46"
"2024/01/26","08:48","1.851","-","2.32"
"2024/01/26","08:54","1.716","-","2.18"
"2024/01/26","09:00","1.591","-","2.08"
"2024/01/26","09:06","1.474","-","1.99"
"2024/01/26","09:12","1.367","-","1.89"
"2024/01/26","09:18","1.269","-","1.76"
"2024/01/26","09:24","1.18","-","1.68"
"2024/01/26","09:30","1.102","-","1.58"
"2024/01/26","09:36","1.033","-","1.53"
"2024/01/26","09:42","0.975","-","1.48"
"2024/01/26","09:48","0.926","-","1.43"
"2024/01/26","09:54","0.888","-","1.42"
"2024/01/26","10:00","0.86","-","1.39"
"2024/01/26","10:06","0.842","-","1.35"
"2024/01/26","10:12","0.835","-","1.39"
"2024/01/26","10:18","0.838","-","1.4"
"2024/01/26","10:24","0.852","-","1.44"
"2024/01/26","10:30","0.877","-","1.52"
"2024/01/26","10:36","0.913","-","1.61"
"2024/01/26","10:42","0.959","-","1.65"
"2024/01/26","10:48","1.017","-","1.76"
"2024/01/26","10:54","1.085","-","1.83"
"2024/01/26","11:00","1.164","-","1.93"
"2024/01/26","11:06","1.254","-","2.04"
"2024/01/26","11:12","1.356","-","2.14"
"2024/01/26","11:18","1.467","-","2.3"
"2024/01/26","11:24","1.59","-","2.43"
"2024/01/26","11:30","1.723","-","2.54"
"2024/01/26","11:36","1.867","-","2.71"
"2024/01/26","11:42","2.02","-","2.85"
"2024/01/26","11:48","2.183","-","3"
"2024/01/26","11:54","2.356","-","3.15"
"2024/01/26","12:00","2.537","-","3.36"
"2024/01/26","12:06","2.727","-","3.55"
"2024/01/26","12:12","2.925","-","3.74"
"2024/01/26","12:18","3.13","-","3.98"
"2024/01/26","12:24","3.341","-","4.17"
"2024/01/26","12:30","3.558","-","4.41"
"2024/01/26","12:36","3.781","-","4.59"
"2024/01/26","12:42","4.007","-","4.81"
"2024/01/26","12:48","4.237","-","5.06"
"2024/01/26","12:54","4.47","-","5.27"
"2024/01/26","13:00","4.705","-","5.58"
"2024/01/26","13:06","4.941","-","5.86"
"2024/01/26","13:12","5.177","-","6.11"
"2024/01/26","13:18","5.413","-","6.33"
"2024/01/26","13:24","5.647","-","6.66"
"2024/01/26","13:30","5.879","-","6.89"
"2024/01/26","13:36","6.109","-","7.22"
"2024/01/26","13:42","6.335","-","7.44"
"2024/01/26","13:48","6.558","-","7.72"
"2024/01/26","13:54","6.775","-","7.97"
"2024/01/26","14:00","6.988","-","8.17"
"2024/01/26","14:06","7.195","-","8.47"
"2024/01/26","14:12","7.396","-","8.66"
"2024/01/26","14:18","7.591","-","8.91"
"2024/01/26","14:24","7.779","-","9.07"
"2024/01/26","14:30","7.961","-","9.27"
"2024/01/26","14:36","8.135","-","9.44"
"2024/01/26","14:42","8.301","-","9.66"
"2024/01/26","14:48","8.46","-","9.88"
"2024/01/26","14:54","8.611","-","10"
"2024/01/26","15:00","8.754","-","10.11"
"2024/01/26","15:06","8.889","-","10.26"
"2024/01/26","15:12","9.015","-","10.35"
"2024/01/26","15:18","9.133","-","10.47"
"2024/01/26","15:24","9.242","-","10.6"
"2024/01/26","15:30","9.342","-","10.66"
"2024/01/26","15:36","9.432","-","10.76"
"2024/01/26","15:42","9.514","-","10.85"
"2024/01/26","15:48","9.586","-","10.93"
"2024/01/26","15:54","9.648","-","11.01"
"2024/01/26","16:00","9.701","-","11.11"
"2024/01/26","16:06","9.743","-","11.15"
"2024/01/26","16:12","9.775","-","11.26"
"2024/01/26","16:18","9.796","-","11.26"
"2024/01/26","16:24","9.807","-","11.28"
"2024/01/26","16:30","9.806","-","11.24"
"2024/01/26","16:36","9.795","-","11.22"
"2024/01/26","16:42","9.772","-","11.17"
"2024/01/26","16:48","9.737","-","11.14"
"2024/01/26","16:54","9.692","-","11.01"
"2024/01/26","17:00","9.634","-","10.96"
"2024/01/26","17:06","9.565","-","10.84"
"2024/01/26","17:12","9.485","-","10.71"
"2024/01/26","17:18","9.393","-","10.66"
"2024/01/26","17:24","9.29","-","10.59"
"2024/01/26","17:30","9.175","-","10.49"
"2024/01/26","17:36","9.05","-","10.39"
"2024/01/26","17:42","8.914","-","10.29"
"2024/01/26","17:48","8.767","-","10.05"
"2024/01/26","17:54","8.61","-","9.91"
"2024/01/26","18:00","8.443","-","9.73"
"2024/01/26","18:06","8.267","-","9.6"
"2024/01/26","18:12","8.082","-","9.44"
"2024/01/26","18:18","7.888","-","9.24"
"2024/01/26","18:24","7.686","-","8.95"
"2024/01/26","18:30","7.477","-","8.69"
"2024/01/26","18:36","7.261","-","8.49"
"2024/01/26","18:42","7.038","-","8.25"
"2024/01/26","18:48","6.81","-","8.09"
"2024/01/26","18:54","6.576","-","7.86"
"2024/01/26","19:00","6.338","-","7.6"
"2024/01/26","19:06","6.096","-","7.32"
"2024/01/26","19:12","5.851","-","7.04"
"2024/01/26","19:18","5.603","-","6.81"
"2024/01/26","19:24","5.354","-","6.52"
"2024/01/26","19:30","5.103","-","6.25"
"2024/01/26","19:36","4.852","-","5.99"
"2024/01/26","19:42","4.601","-","5.69"
"2024/01/26","19:48","4.351","-","5.45"
"2024/01/26","19:54","4.102","-","5.14"
"2024/01/26","20:00","3.856","-","4.86"
"2024/01/26","20:06","3.613","-","4.65"
"2024/01/26","20:12","3.373","-","4.39"
"2024/01/26","20:18","3.137","-","4.16"
"2024/01/26","20:24","2.906","-","3.96"
"2024/01/26","20:30","2.681","-","3.75"
"2024/01/26","20:36","2.461","-","3.53"
"2024/01/26","20:42","2.248","-","3.35"
"2024/01/26","20:48","2.042","-","3.14"
"2024/01/26","20:54","1.843","-","2.96"
"2024/01/26","21:00","1.652","-","2.7"
"2024/01/26","21:06","1.469","-","2.52"
"2024/01/26","21:12","1.295","-","2.33"
"2024/01/26","21:18","1.13","-","2.13"
"2024/01/26","21:24","0.973","-","2"
"2024/01/26","21:30","0.827","-","1.82"
"2024/01/26","21:36","0.689","-","1.66"
"2024/01/26","21:42","0.562","-","1.56"
"2024/01/26","21:48","0.445","-","1.43"
"2024/01/26","21:54","0.337","-","1.31"
"2024/01/26","22:00","0.241","-","1.26"
"2024/01/26","22:06","0.154","-","1.16"
"2024/01/26","22:12","0.078","-","1.12"
"2024/01/26","22:18","0.013","-","1.09"
"2024/01/26","22:24","-0.041","-","1.03"
"2024/01/26","22:30","-0.084","-","0.98"
"2024/01/26","22:36","-0.117","-","1.01"
"2024/01/26","22:42","-0.138","-","0.96"
"2024/01/26","22:48","-0.149","-","1"
"2024/01/26","22:54","-0.147","-","0.97"
"2024/01/26","23:00","-0.135","-","0.99"
"2024/01/26","23:06","-0.111","-","1.01"
"2024/01/26","23:12","-0.076","-","1.04"
"2024/01/26","23:18","-0.029","-","1.06"
"2024/01/26","23:24","0.029","-","1.15"
"2024/01/26","23:30","0.099","-","1.24"
"2024/01/26","23:36","0.18","-","1.32"
"2024/01/26","23:42","0.273","-","1.44"
"2024/01/26","23:48","0.377","-","1.55"
"2024/01/26","23:54","0.492","-","1.68"
"2024/01/27","00:00","0.618","-","1.78"
"2024/01/27","00:06","0.755","-","1.91"
"2024/01/27","00:12","0.902","-","2.04"
"2024/01/27","00:18","1.059","-","2.15"
"2024/01/27","00:24","1.225","-","2.35"
"2024/01/27","00:30","1.401","-","2.54"
"2024/01/27","00:36","1.585","-","2.72"
"2024/01/27","00:42","1.777","-","2.88"
"2024/01/27","00:48","1.976","-","3.04"
"2024/01/27","00:54","2.181","-","3.28"
"2024/01/27","01:00","2.393","-","3.46"
"2024/01/27","01:06","2.609","-","3.67"
"2024/01/27","01:12","2.83","-","3.9"
"2024/01/27","01:18","3.055","-","4.14"
"2024/01/27","01:24","3.282","-","4.33"
"2024/01/27","01:30","3.51","-","4.53"
"2024/01/27","01:36","3.74","-","4.81"
"2024/01/27","01:42","3.971","-","5"
"2024/01/27","01:48","4.2","-","5.23"
"2024/01/27","01:54","4.429","-","5.49"
"2024/01/27","02:00","4.656","-","5.74"
"2024/01/27","02:06","4.88","-","5.92"
"2024/01/27","02:12","5.102","-","6.15"
"2024/01/27","02:18","5.319","-","6.36"
"2024/01/27","02:24","5.533","-","6.57"
"2024/01/27","02:30","5.742","-","6.74"
"2024/01/27","02:36","5.945","-","6.97"
"2024/01/27","02:42","6.144","-","7.18"
"2024/01/27","02:48","6.336","-","7.36"
"2024/01/27","02:54","6.523","-","7.54"
"2024/01/27","03:00","6.703","-","7.72"
"2024/01/27","03:06","6.877","-","7.9"
"2024/01/27","03:12","7.044","-","8.03"
"2024/01/27","03:18","7.203","-","8.24"
"2024/01/27","03:24","7.356","-","8.38"
"2024/01/27","03:30","7.501","-","8.57"
"2024/01/27","03:36","7.639","-","8.69"
"2024/01/27","03:42","7.768","-","8.84"
"2024/01/27","03:48","7.89","-","8.89"
"2024/01/27","03:54","8.003","-","9.01"
"2024/01/27","04:00","8.108","-","9.1"
"2024/01/27","04:06","8.205","-","9.19"
"2024/01/27","04:12","8.292","-","9.25"
"2024/01/27","04:18","8.37","-","9.34"
"2024/01/27","04:24","8.439","-","9.34"
"2024/01/27","04:30","8.499","-","9.39"
"2024/01/27","04:36","8.548","-","9.43"
"2024/01/27","04:42","8.588","-","9.48"
"2024/01/27","04:48","8.617","-","9.47"
"2024/01/27","04:54","8.636","-","9.51"
"2024/01/27","05:00","8.644","-","9.48"
"2024/01/27","05:06","8.641","-","9.44"
"2024/01/27","05:12","8.628","-","9.43"
"2024/01/27","05:18","8.603","-","9.4"
"2024/01/27","05:24","8.568","-","9.33"
"2024/01/27","05:30","8.521","-","9.25"
"2024/01/27","05:36","8.463","-","9.22"
"2024/01/27","05:42","8.394","-","9.16"
"2024/01/27","05:48","8.315","-","9.11"
"2024/01/27","05:54","8.224","-","9.04"
"2024/01/27","06:00","8.123","-","8.95"
"2024/01/27","06:06","8.012","-","8.83"
"2024/01/27","06:12","7.891","-","8.71"
"2024/01/27","06:18","7.761","-","8.6"
"2024/01/27","06:24","7.621","-","8.46"
"2024/01/27","06:30","7.472","-","8.3"
"2024/01/27","06:36","7.315","-","8.13"
"2024/01/27","06:42","7.15","-","7.95"
"2024/01/27","06:48","6.977","-","7.76"
"2024/01/27","06:54","6.798","-","7.56"
"2024/01/27","07:00","6.613","-","7.4"
"2024/01/27","07:06","6.421","-","7.17"
"2024/01/27","07:12","6.225","-","6.95"
"2024/01/27","07:18","6.024","-","6.74"
"2024/01/27","07:24","5.819","-","6.51"
"2024/01/27","07:30","5.611","-","6.3"
"2024/01/27","07:36","5.401","-","6.05"
"2024/01/27","07:42","5.188","-","5.82"
"2024/01/27","07:48","4.974","-","5.56"
"2024/01/27","07:54","4.76","-","5.31"
"2024/01/27","08:00","4.546","-","5.08"
"2024/01/27","08:06","4.332","-","4.87"
"2024/01/27","08:12","4.12","-","4.66"
"2024/01/27","08:18","3.91","-","4.42"
"2024/01/27","08:24","3.703","-","4.23"
"2024/01/27","08:30","3.499","-","4.02"
"2024/01/27","08:36","3.3","-","3.83"
"2024/01/27","08:42","3.104","-","3.66"
"2024/01/27","08:48","2.914","-","3.47"
"2024/01/27","08:54","2.73","-","3.3"
"2024/01/27","09:00","2.552","-","3.08"
"2024/01/27","09:06","2.38","-","2.89"
"2024/01/27","09:12","2.216","-","2.71"
"2024/01/27","09:18","2.06","-","2.54"
"2024/01/27","09:24","1.911","-","2.34"
"2024/01/27","09:30","1.771","-","2.18"
"2024/01/27","09:36","1.64","-","2.08"
"2024/01/27","09:42","1.517","-","1.93"
"2024/01/27","09:48","1.404","-","1.79"
"2024/01/27","09:54","1.301","-","1.66"
"2024/01/27","10:00","1.207","-","1.55"
"2024/01/27","10:06","1.123","-","1.48"
"2024/01/27","10:12","1.049","-","1.35"
"2024/01/27","10:18","0.985","-","1.3"
"2024/01/27","10:24","0.931","-","1.26"
"2024/01/27","10:30","0.888","-","1.25"
"2024/01/27","10:36","0.855","-","1.21"
"2024/01/27","10:42","0.833","-","1.17"
"2024/01/27","10:48","0.821","-","1.11"
"2024/01/27","10:54","0.819","-","1.08"
"2024/01/27","11:00","0.829","-","1.13"
"2024/01/27","11:06","0.849","-","1.16"
"2024/01/27","11:12","0.879","-","1.25"
"2024/01/27","11:18","0.92","-","1.31"
"2024/01/27","11:24","0.972","-","1.38"
"2024/01/27","11:30","1.035","-","1.45"
"2024/01/27","11:36","1.108","-","1.53"
"2024/01/27","11:42","1.192","-","1.6"
"2024/01/27","11:48","1.286","-","1.71"
"2024/01/27","11:54","1.391","-","1.82"
"2024/01/27","12:00","1.506","-","1.93"
"2024/01/27","12:06","1.632","-","2.08"
"2024/01/27","12:12","1.768","-","2.24"
"2024/01/27","12:18","1.913","-","2.38"
"2024/01/27","12:24","2.068","-","2.5"
"2024/01/27","12:30","2.233","-","2.65"
"2024/01/27","12:36","2.406","-","2.8"
"2024/01/27","12:42","2.588","-","2.98"
"2024/01/27","12:48","2.777","-","3.18"
"2024/01/27","12:54","2.975","-","3.4"
"2024/01/27","13:00","3.179","-","3.59"
"2024/01/27","13:06","3.389","-","3.81"
"2024/01/27","13:12","3.605","-","4.03"
"2024/01/27","13:18","3.826","-","4.22"
"2024/01/27","13:24","4.051","-","4.43"
"2024/01/27","13:30","4.28","-","4.69"
"2024/01/27","13:36","4.511","-","4.93"
"2024/01/27","13:42","4.744","-","5.19"
"2024/01/27","13:48","4.977","-","5.45"
"2024/01/27","13:54","5.212","-","5.7"
"2024/01/27","14:00","5.445","-","5.96"
"2024/01/27","14:06","5.677","-","6.19"
"2024/01/27","14:12","5.908","-","6.45"
"2024/01/27","14:18","6.135","-","6.64"
"2024/01/27","14:24","6.359","-","6.92"
"2024/01/27","14:30","6.579","-","7.11"
"2024/01/27","14:36","6.794","-","7.39"
"2024/01/27","14:42","7.004","-","7.63"
"2024/01/27","14:48","7.208","-","7.87"
"2024/01/27","14:54","7.407","-","8.08"
"2024/01/27","15:00","7.598","-","8.26"
"2024/01/27","15:06","7.783","-","8.41"
"2024/01/27","15:12","7.961","-","8.64"
"2024/01/27","15:18","8.131","-","8.84"
"2024/01/27","15:24","8.293","-","9.01"
"2024/01/27","15:30","8.447","-","9.19"
"2024/01/27","15:36","8.593","-","9.28"
"2024/01/27","15:42","8.731","-","9.42"
"2024/01/27","15:48","8.86","-","9.5"
"2024/01/27","15:54","8.98","-","9.62"
"2024/01/27","16:00","9.092","-","9.73"
"2024/01/27","16:06","9.195","-","9.87"
"2024/01/27","16:12","9.288","-","9.96"
"2024/01/27","16:18","9.372","-","10.05"
"2024/01/27","16:24","9.446","-","10.13"
"2024/01/27","16:30","9.511","-","10.23"
"2024/01/27","16:36","9.566","-","10.24"
"2024/01/27","16:42","9.611","-","10.31"
"2024/01/27","16:48","9.646","-","10.35"
"2024/01/27","16:54","9.67","-","10.39"
"2024/01/27","17:00","9.683","-","10.36"
"2024/01/27","17:06","9.686","-","10.35"
"2024/01/27","17:12","9.678","-","10.35"
"2024/01/27","17:18","9.659","-","10.28"
"2024/01/27","17:24","9.628","-","10.26"
"2024/01/27","17:30","9.586","-","10.25"
"2024/01/27","17:36","9.533","-","10.18"
"2024/01/27","17:42","9.469","-","10.08"
"2024/01/27","17:48","9.393","-","10.04"
"2024/01/27","17:54","9.306","-","9.93"
"2024/01/27","18:00","9.208","-","9.84"
"2024/01/27","18:06","9.098","-","9.72"
"2024/01/27","18:12","8.978","-","9.57"
"2024/01/27","18:18","8.847","-","9.42"
"2024/01/27","18:24","8.706","-","9.29"
"2024/01/27","18:30","8.555","-","9.11"
"2024/01/27","18:36","8.393","-","8.99"
"2024/01/27","18:42","8.223","-","8.79"
"2024/01/27","18:48","8.044","-","8.66"
"2024/01/27","18:54","7.856","-","8.43"
"2024/01/27","19:00","7.66","-","8.26"
"2024/01/27","19:06","7.456","-","8.03"
"2024/01/27","19:12","7.246","-","7.87"
"2024/01/27","19:18","7.029","-","7.65"
"2024/01/27","19:24","6.807","-","7.45"
"2024/01/27","19:30","6.579","-","7.2"
"2024/01/27","19:36","6.347","-","6.97"
"2024/01/27","19:42","6.111","-","6.71"
"2024/01/27","19:48","5.871","-","6.47"
"2024/01/27","19:54","5.629","-","6.22"
"2024/01/27","20:00","5.385","-","5.97"
"2024/01/27","20:06","5.139","-","5.68"
"2024/01/27","20:12","4.893","-","5.39"
"2024/01/27","20:18","4.646","-","5.12"
"2024/01/27","20:24","4.401","-","4.84"
"2024/01/27","20:30","4.156","-","4.6"
"2024/01/27","20:36","3.914","-","4.38"
"2024/01/27","20:42","3.674","-","4.18"
"2024/01/27","20:48","3.437","-","3.9"
"2024/01/27","20:54","3.204","-","3.7"
"2024/01/27","21:00","2.976","-","3.47"
"2024/01/27","21:06","2.752","-","3.25"
"2024/01/27","21:12","2.535","-","3"
"2024/01/27","21:18","2.323","-","2.8"
"2024/01/27","21:24","2.118","-","2.62"
"2024/01/27","21:30","1.921","-","2.39"
"2024/01/27","21:36","1.731","-","2.2"
"2024/01/27","21:42","1.549","-","2.01"
"2024/01/27","21:48","1.376","-","1.83"
"2024/01/27","21:54","1.211","-","1.66"
"2024/01/27","22:00","1.056","-","1.5"
"2024/01/27","22:06","0.91","-","1.38"
"2024/01/27","22:12","0.774","-","1.27"
"2024/01/27","22:18","0.649","-","1.17"
"2024/01/27","22:24","0.533","-","1.07"
"2024/01/27","22:30","0.428","-","0.97"
"2024/01/27","22:36","0.333","-","0.89"
"2024/01/27","22:42","0.249","-","0.83"
"2024/01/27","22:48","0.175","-","0.74"
"2024/01/27","22:54","0.113","-","0.69"
"2024/01/27","23:00","0.061","-","0.64"
"2024/01/27","23:06","0.02","-","0.58"
"2024/01/27","23:12","-0.009","-","0.54"
"2024/01/27","23:18","-0.028","-","0.56"
"2024/01/27","23:24","-0.036","-","0.56"
"2024/01/27","23:30","-0.033","-","0.59"
"2024/01/27","23:36","-0.018","-","0.63"
"2024/01/27","23:42","0.007","-","0.66"
"2024/01/27","23:48","0.044","-","0.66"
"2024/01/27","23:54","0.091","-","0.72"
"2024/01/28","00:00","0.15","-","0.79"
"2024/01/28","00:06","0.219","-","0.88"
"2024/01/28","00:12","0.299","-","0.98"
"2024/01/28","00:18","0.39","-","1.06"
"2024/01/28","00:24","0.492","-","1.18"
"2024/01/28","00:30","0.604","-","1.27"
"2024/01/28","00:36","0.727","-","1.37"
"2024/01/28","00:42","0.86","-","1.49"
"2024/01/28","00:48","1.003","-","1.64"
"2024/01/28","00:54","1.155","-","1.77"
"2024/01/28","01:00","1.316","-","1.9"
"2024/01/28","01:06","1.486","-","2.1"
"2024/01/28","01:12","1.665","-","2.25"
"2024/01/28","01:18","1.852","-","2.44"
"2024/01/28","01:24","2.045","-","2.64"
"2024/01/28","01:30","2.246","-","2.84"
"2024/01/28","01:36","2.452","-","3.05"
"2024/01/28","01:42","2.664","-","3.23"
"2024/01/28","01:48","2.881","-","3.46"
"2024/01/28","01:54","3.102","-","3.7"
"2024/01/28","02:00","3.325","-","3.94"
"2024/01/28","02:06","3.552","-","4.2"
"2024/01/28","02:12","3.78","-","4.45"
"2024/01/28","02:18","4.008","-","4.66"
"2024/01/28","02:24","4.237","-","4.9"
"2024/01/28","02:30","4.466","-","5.15"
"2024/01/28","02:36","4.693","-","5.36"
"2024/01/28","02:42","4.918","-","5.59"
"2024/01/28","02:48","5.14","-","5.82"
"2024/01/28","02:54","5.359","-","6.07"
"2024/01/28","03:00","5.574","-","6.3"
"2024/01/28","03:06","5.784","-","6.56"
"2024/01/28","03:12","5.99","-","6.81"
"2024/01/28","03:18","6.19","-","7.02"
"2024/01/28","03:24","6.384","-","7.21"
"2024/01/28","03:30","6.573","-","7.41"
"2024/01/28","03:36","6.754","-","7.61"
"2024/01/28","03:42","6.929","-","7.81"
"2024/01/28","03:48","7.097","-","7.98"
"2024/01/28","03:54","7.257","-","8.14"
"2024/01/28","04:00","7.41","-","8.28"
"2024/01/28","04:06","7.555","-","8.42"
"2024/01/28","04:12","7.692","-","8.55"
"2024/01/28","04:18","7.821","-","8.66"
"2024/01/28","04:24","7.942","-","8.8"
"2024/01/28","04:30","8.054","-","8.91"
"2024/01/28","04:36","8.158","-","9.03"
"2024/01/28","04:42","8.252","-","9.16"
"2024/01/28","04:48","8.338","-","9.26"
"2024/01/28","04:54","8.414","-","9.31"
"2024/01/28","05:00","8.481","-","9.35"
"2024/01/28","05:06","8.539","-","9.45"
"2024/01/28","05:12","8.587","-","9.5"
"2024/01/28","05:18","8.624","-","9.52"
"2024/01/28","05:24","8.652","-","9.57"
"2024/01/28","05:30","8.67","-","9.57"
"2024/01/28","05:36","8.677","-","9.55"
"2024/01/28","05:42","8.673","-","9.56"
"2024/01/28","05:48","8.659","-","9.6"
"2024/01/28","05:54","8.634","-","9.6"
"2024/01/28","06:00","8.599","-","9.53"
"2024/01/28","06:06","8.552","-","9.5"
"2024/01/28","06:12","8.495","-","9.44"
"2024/01/28","06:18","8.427","-","9.36"
"2024/01/28","06:24","8.349","-","9.31"
"2024/01/28","06:30","8.26","-","9.25"
"2024/01/28","06:36","8.162","-","9.1"
"2024/01/28","06:42","8.053","-","8.96"
"2024/01/28","06:48","7.934","-","8.83"
"2024/01/28","06:54","7.806","-","8.71"
"2024/01/28","07:00","7.669","-","8.57"
"2024/01/28","07:06","7.523","-","8.45"
"2024/01/28","07:12","7.369","-","8.29"
"2024/01/28","07:18","7.207","-","8.11"
"2024/01/28","07:24","7.038","-","7.92"
"2024/01/28","07:30","6.862","-","7.7"
"2024/01/28","07:36","6.679","-","7.51"
"2024/01/28","07:42","6.491","-","7.34"
"2024/01/28","07:48","6.298","-","7.15"
"2024/01/28","07:54","6.1","-","6.94"
"2024/01/28","08:00","5.898","-","6.74"
"2024/01/28","08:06","5.693","-","6.51"
"2024/01/28","08:12","5.485","-","6.25"
"2024/01/28","08:18","5.275","-","6.03"
"2024/01/28","08:24","5.063","-","5.83"
"2024/01/28","08:30","4.851","-","5.59"
"2024/01/28","08:36","4.638","-","5.35"
"2024/01/28","08:42","4.426","-","5.12"
"2024/01/28","08:48","4.214","-","4.89"
"2024/01/28","08:54","4.004","-","4.68"
"2024/01/28","09:00","3.797","-","4.43"
"2024/01/28","09:06","3.593","-","4.26"
"2024/01/28","09:12","3.392","-","4.09"
"2024/01/28","09:18","3.195","-","3.85"
"2024/01/28","09:24","3.003","-","3.69"
"2024/01/28","09:30","2.816","-","3.53"
"2024/01/28","09:36","2.636","-","3.38"
"2024/01/28","09:42","2.461","-","3.18"
"2024/01/28","09:48","2.294","-","3.01"
"2024/01/28","09:54","2.134","-","2.83"
"2024/01/28","10:00","1.982","-","2.64"
"2024/01/28","10:06","1.838","-","2.44"
"2024/01/28","10:12","1.703","-","2.29"
"2024/01/28","10:18","1.577","-","2.17"
"2024/01/28","10:24","1.461","-","2.03"
"2024/01/28","10:30","1.353","-","1.92"
"2024/01/28","10:36","1.256","-","1.8"
"2024/01/28","10:42","1.169","-","1.7"
"2024/01/28","10:48","1.092","-","1.62"
"2024/01/28","10:54","1.025","-","1.55"
"2024/01/28","11:00","0.969","-","1.51"
"2024/01/28","11:06","0.923","-","1.42"
"2024/01/28","11:12","0.888","-","1.37"
"2024/01/28","11:18","0.864","-","1.35"
"2024/01/28","11:24","0.85","-","1.32"
"2024/01/28","11:30","0.846","-","1.33"
"2024/01/28","11:36","0.853","-","1.36"
"2024/01/28","11:42","0.871","-","1.4"
"2024/01/28","11:48","0.898","-","1.42"
"2024/01/28","11:54","0.937","-","1.46"
"2024/01/28","12:00","0.985","-","1.54"
"2024/01/28","12:06","1.044","-","1.63"
"2024/01/28","12:12","1.113","-","1.72"
"2024/01/28","12:18","1.192","-","1.83"
"2024/01/28","12:24","1.281","-","1.98"
"2024/01/28","12:30","1.38","-","2.1"
"2024/01/28","12:36","1.489","-","2.2"
"2024/01/28","12:42","1.607","-","2.28"
"2024/01/28","12:48","1.735","-","2.38"
"2024/01/28","12:54","1.872","-","2.54"
"2024/01/28","13:00","2.018","-","2.66"
"2024/01/28","13:06","2.173","-","2.81"
"2024/01/28","13:12","2.336","-","2.96"
"2024/01/28","13:18","2.507","-","3.11"
"2024/01/28","13:24","2.686","-","3.24"
"2024/01/28","13:30","2.873","-","3.42"
"2024/01/28","13:36","3.066","-","3.59"
"2024/01/28","13:42","3.266","-","3.79"
"2024/01/28","13:48","3.472","-","4"
"2024/01/28","13:54","3.683","-","4.19"
"2024/01/28","14:00","3.898","-","4.42"
"2024/01/28","14:06","4.118","-","4.66"
"2024/01/28","14:12","4.34","-","4.93"
"2024/01/28","14:18","4.566","-","5.14"
"2024/01/28","14:24","4.793","-","5.41"
"2024/01/28","14:30","5.021","-","5.66"
"2024/01/28","14:36","5.249","-","5.9"
"2024/01/28","14:42","5.477","-","6.11"
"2024/01/28","14:48","5.703","-","6.36"
"2024/01/28","14:54","5.928","-","6.62"
"2024/01/28","15:00","6.15","-","6.83"
"2024/01/28","15:06","6.368","-","7.1"
"2024/01/28","15:12","6.583","-","7.32"
"2024/01/28","15:18","6.792","-","7.5"
"2024/01/28","15:24","6.997","-","7.71"
"2024/01/28","15:30","7.196","-","7.96"
"2024/01/28","15:36","7.388","-","8.18"
"2024/01/28","15:42","7.574","-","8.38"
"2024/01/28","15:48","7.753","-","8.56"
"2024/01/28","15:54","7.924","-","8.72"
"2024/01/28","16:00","8.087","-","8.9"
"2024/01/28","16:06","8.243","-","9.03"
"2024/01/28","16:12","8.389","-","9.18"
"2024/01/28","16:18","8.528","-","9.28"
"2024/01/28","16:24","8.657","-","9.42"
"2024/01/28","16:30","8.778","-","9.47"
"2024/01/28","16:36","8.89","-","9.63"
"2024/01/28","16:42","8.992","-","9.77"
"2024/01/28","16:48","9.085","-","9.91"
"2024/01/28","16:54","9.168","-","9.98"
"2024/01/28","17:00","9.242","-","10.07"
"2024/01/28","17:06","9.306","-","10.16"
"2024/01/28","17:12","9.36","-","10.24"
"2024/01/28","17:18","9.404","-","10.31"
"2024/01/28","17:24","9.438","-","10.4"
"2024/01/28","17:30","9.462","-","10.36"
"2024/01/28","17:36","9.476","-","10.35"
"2024/01/28","17:42","9.479","-","10.33"
"2024/01/28","17:48","9.471","-","10.3"
"2024/01/28","17:54","9.453","-","10.28"
"2024/01/28","18:00","9.424","-","10.29"
"2024/01/28","18:06","9.384","-","10.24"
"2024/01/28","18:12","9.334","-","10.23"
"2024/01/28","18:18","9.272","-","10.17"
"2024/01/28","18:24","9.2","-","10.12"
"2024/01/28","18:30","9.117","-","10"
"2024/01/28","18:36","9.024","-","10"
"2024/01/28","18:42","8.92","-","9.89"
"2024/01/28","18:48","8.805","-","9.73"
"2024/01/28","18:54","8.681","-","9.64"
"2024/01/28","19:00","8.546","-","9.5"
"2024/01/28","19:06","8.402","-","9.32"
"2024/01/28","19:12","8.249","-","9.21"
"2024/01/28","19:18","8.086","-","9.12"
"2024/01/28","19:24","7.915","-","8.89"
"2024/01/28","19:30","7.736","-","8.72"
"2024/01/28","19:36","7.548","-","8.57"
"2024/01/28","19:42","7.354","-","8.32"
"2024/01/28","19:48","7.153","-","8.06"
"2024/01/28","19:54","6.945","-","7.88"
"2024/01/28","20:00","6.732","-","7.64"
"2024/01/28","20:06","6.513","-","7.33"
"2024/01/28","20:12","6.29","-","7.09"
"2024/01/28","20:18","6.063","-","6.86"
"2024/01/28","20:24","5.832","-","6.63"
"2024/01/28","20:30","5.599","-","6.35"
"2024/01/28","20:36","5.363","-","6.11"
"2024/01/28","20:42","5.126","-","5.84"
"2024/01/28","20:48","4.888","-","5.66"
"2024/01/28","20:54","4.649","-","5.37"
"2024/01/28","21:00","4.411","-","5.13"
"2024/01/28","21:06","4.174","-","4.94"
"2024/01/28","21:12","3.938","-","4.7"
"2024/01/28","21:18","3.705","-","4.45"
"2024/01/28","21:24","3.474","-","4.22"
"2024/01/28","21:30","3.247","-","4.06"
"2024/01/28","21:36","3.024","-","3.88"
"2024/01/28","21:42","2.806","-","3.71"
"2024/01/28","21:48","2.593","-","3.5"
"2024/01/28","21:54","2.386","-","3.32"
"2024/01/28","22:00","2.186","-","3.14"
"2024/01/28","22:06","1.993","-","2.91"
"2024/01/28","22:12","1.807","-","2.72"
"2024/01/28","22:18","1.629","-","2.52"
"2024/01/28","22:24","1.46","-","2.31"
"2024/01/28","22:30","1.3","-","2.11"
"2024/01/28","22:36","1.149","-","1.93"
"2024/01/28","22:42","1.007","-","1.77"
"2024/01/28","22:48","0.876","-","1.6"
"2024/01/28","22:54","0.755","-","1.43"
"2024/01/28","23:00","0.644","-","1.34"
"2024/01/28","23:06","0.543","-","1.17"
"2024/01/28","23:12","0.454","-","1.08"
"2024/01/28","23:18","0.375","-","1.04"
"2024/01/28","23:24","0.307","-","0.95"
"2024/01/28","23:30","0.25","-","0.92"
"2024/01/28","23:36","0.204","-","0.96"
"2024/01/28","23:42","0.17","-","0.96"
"2024/01/28","23:48","0.146","-","0.94"
"2024/01/28","23:54","0.132","-","0.94"
"2024/01/29","00:00","0.13","-","0.95"
"2024/01/29","00:06","0.139","-","1.02"
"2024/01/29","00:12","0.158","-","1.11"
"2024/01/29","00:18","0.187","-","1.12"
"2024/01/29","00:24","0.228","-","1.19"
"2024/01/29","00:30","0.278","-","1.29"
"2024/01/29","00:36","0.339","-","1.34"
"2024/01/29","00:42","0.41","-","1.35"
"2024/01/29","00:48","0.491","-","1.39"
"2024/01/29","00:54","0.582","-","1.53"
"2024/01/29","01:00","0.683","-","1.57"
"2024/01/29","01:06","0.793","-","1.72"
"2024/01/29","01:12","0.913","-","1.87"
"2024/01/29","01:18","1.043","-","1.95"
"2024/01/29","01:24","1.181","-","2.08"
"2024/01/29","01:30","1.328","-","2.16"
"2024/01/29","01:36","1.484","-","2.29"
"2024/01/29","01:42","1.648","-","2.47"
"2024/01/29","01:48","1.82","-","2.66"
"2024/01/29","01:54","2","-","2.87"
"2024/01/29","02:00","2.187","-","3.08"
"2024/01/29","02:06","2.38","-","3.3"
"2024/01/29","02:12","2.58","-","3.52"
"2024/01/29","02:18","2.785","-","3.68"
"2024/01/29","02:24","2.995","-","3.9"
"2024/01/29","02:30","3.209","-","4.16"
"2024/01/29","02:36","3.427","-","4.38"
"2024/01/29","02:42","3.648","-","4.67"
"2024/01/29","02:48","3.871","-","4.92"
"2024/01/29","02:54","4.096","-","5.18"
"2024/01/29","03:00","4.321","-","5.4"
"2024/01/29","03:06","4.547","-","5.59"
"2024/01/29","03:12","4.771","-","5.86"
"2024/01/29","03:18","4.995","-","6.07"
"2024/01/29","03:24","5.216","-","6.31"
"2024/01/29","03:30","5.434","-","6.53"
"2024/01/29","03:36","5.648","-","6.7"
"2024/01/29","03:42","5.859","-","6.83"
"2024/01/29","03:48","6.065","-","7.06"
"2024/01/29","03:54","6.265","-","7.22"
"2024/01/29","04:00","6.46","-","7.45"
"2024/01/29","04:06","6.648","-","7.65"
"2024/01/29","04:12","6.829","-","7.82"
"2024/01/29","04:18","7.004","-","7.98"
"2024/01/29","04:24","7.171","-","8.15"
"2024/01/29","04:30","7.33","-","8.31"
"2024/01/29","04:36","7.482","-","8.52"
"2024/01/29","04:42","7.625","-","8.73"
"2024/01/29","04:48","7.76","-","8.86"
"2024/01/29","04:54","7.886","-","8.99"
"2024/01/29","05:00","8.004","-","9.14"
"2024/01/29","05:06","8.112","-","9.27"
"2024/01/29","05:12","8.212","-","9.4"
"2024/01/29","05:18","8.302","-","9.52"
"2024/01/29","05:24","8.384","-","9.63"
"2024/01/29","05:30","8.456","-","9.73"
"2024/01/29","05:36","8.518","-","9.78"
"2024/01/29","05:42","8.571","-","9.89"
"2024/01/29","05:48","8.614","-","9.94"
"2024/01/29","05:54","8.648","-","9.95"
"2024/01/29","06:00","8.672","-","9.98"
"2024/01/29","06:06","8.686","-","10.02"
"2024/01/29","06:12","8.69","-","10"
"2024/01/29","06:18","8.684","-","10"
"2024/01/29","06:24","8.667","-","9.98"
"2024/01/29","06:30","8.641","-","9.96"
"2024/01/29","06:36","8.604","-","9.89"
"2024/01/29","06:42","8.558","-","9.85"
"2024/01/29","06:48","8.501","-","9.81"
"2024/01/29","06:54","8.434","-","9.73"
"2024/01/29","07:00","8.357","-","9.64"
"2024/01/29","07:06","8.27","-","9.59"
"2024/01/29","07:12","8.174","-","9.47"
"2024/01/29","07:18","8.068","-","9.33"
"2024/01/29","07:24","7.953","-","9.26"
"2024/01/29","07:30","7.829","-","9.13"
"2024/01/29","07:36","7.696","-","9.01"
"2024/01/29","07:42","7.555","-","8.9"
"2024/01/29","07:48","7.406","-","8.75"
"2024/01/29","07:54","7.249","-","8.59"
"2024/01/29","08:00","7.084","-","8.41"
"2024/01/29","08:06","6.914","-","8.28"
"2024/01/29","08:12","6.736","-","8.11"
"2024/01/29","08:18","6.553","-","7.95"
"2024/01/29","08:24","6.365","-","7.71"
"2024/01/29","08:30","6.172","-","7.5"
"2024/01/29","08:36","5.975","-","7.3"
"2024/01/29","08:42","5.774","-","7.12"
"2024/01/29","08:48","5.57","-","6.89"
"2024/01/29","08:54","5.364","-","6.68"
"2024/01/29","09:00","5.156","-","6.48"
"2024/01/29","09:06","4.947","-","6.26"
"2024/01/29","09:12","4.736","-","6.01"
"2024/01/29","09:18","4.526","-","5.78"
"2024/01/29","09:24","4.317","-","5.61"
"2024/01/29","09:30","4.109","-","5.39"
"2024/01/29","09:36","3.903","-","5.19"
"2024/01/29","09:42","3.699","-","5.01"
"2024/01/29","09:48","3.498","-","4.82"
"2024/01/29","09:54","3.301","-","4.64"
"2024/01/29","10:00","3.109","-","4.41"
"2024/01/29","10:06","2.922","-","4.22"
"2024/01/29","10:12","2.74","-","4.06"
"2024/01/29","10:18","2.564","-","3.86"
"2024/01/29","10:24","2.395","-","3.71"
"2024/01/29","10:30","2.233","-","3.55"
"2024/01/29","10:36","2.079","-","3.42"
"2024/01/29","10:42","1.933","-","3.27"
"2024/01/29","10:48","1.796","-","3.07"
"2024/01/29","10:54","1.667","-","2.93"
"2024/01/29","11:00","1.548","-","2.82"
"2024/01/29","11:06","1.439","-","2.7"
"2024/01/29","11:12","1.339","-","2.61"
"2024/01/29","11:18","1.25","-","2.53"
"2024/01/29","11:24","1.171","-","2.5"
"2024/01/29","11:30","1.102","-","2.4"
"2024/01/29","11:36","1.044","-","2.32"
"2024/01/29","11:42","0.996","-","2.3"
"2024/01/29","11:48","0.959","-","2.26"
"2024/01/29","11:54","0.932","-","2.17"
"2024/01/29","12:00","0.916","-","2.17"
"2024/01/29","12:06","0.911","-","2.19"
"2024/01/29","12:12","0.916","-","2.2"
"2024/01/29","12:18","0.931","-","2.21"
"2024/01/29","12:24","0.956","-","2.22"
"2024/01/29","12:30","0.991","-","2.26"
"2024/01/29","12:36","1.036","-","2.34"
"2024/01/29","12:42","1.091","-","2.38"
"2024/01/29","12:48","1.155","-","2.48"
"2024/01/29","12:54","1.228","-","2.6"
"2024/01/29","13:00","1.311","-","2.68"
"2024/01/29","13:06","1.403","-","2.81"
"2024/01/29","13:12","1.504","-","2.9"
"2024/01/29","13:18","1.614","-","3.02"
"2024/01/29","13:24","1.732","-","3.12"
"2024/01/29","13:30","1.859","-","3.24"
"2024/01/29","13:36","1.994","-","3.39"
"2024/01/29","13:42","2.138","-","3.55"
"2024/01/29","13:48","2.289","-","3.71"
"2024/01/29","13:54","2.447","-","3.87"
"2024/01/29","14:00","2.613","-","4.03"
"2024/01/29","14:06","2.787","-","4.22"
"2024/01/29","14:12","2.966","-","4.42"
"2024/01/29","14:18","3.153","-","4.59"
"2024/01/29","14:24","3.345","-","4.81"
"2024/01/29","14:30","3.542","-","5.02"
"2024/01/29","14:36","3.745","-","5.23"
"2024/01/29","14:42","3.952","-","5.46"
"2024/01/29","14:48","4.162","-","5.66"
"2024/01/29","14:54","4.376","-","5.87"
"2024/01/29","15:00","4.592","-","6.08"
"2024/01/29","15:06","4.811","-","6.26"
"2024/01/29","15:12","5.03","-","6.49"
"2024/01/29","15:18","5.25","-","6.72"
"2024/01/29","15:24","5.469","-","6.95"
"2024/01/29","15:30","5.687","-","7.16"
"2024/01/29","15:36","5.904","-","7.36"
"2024/01/29","15:42","6.118","-","7.6"
"2024/01/29","15:48","6.328","-","7.81"
"2024/01/29","15:54","6.535","-","8.05"
"2024/01/29","16:00","6.737","-","8.25"
"2024/01/29","16:06","6.933","-","8.48"
"2024/01/29","16:12","7.124","-","8.68"
"2024/01/29","16:18","7.309","-","8.86"
"2024/01/29","16:24","7.486","-","9.05"
"2024/01/29","16:30","7.657","-","9.22"
"2024/01/29","16:36","7.819","-","9.42"
"2024/01/29","16:42","7.974","-","9.54"
"2024/01/29","16:48","8.12","-","9.72"
"2024/01/29","16:54","8.257","-","9.89"
"2024/01/29","17:00","8.385","-","10.03"
"2024/01/29","17:06","8.505","-","10.14"
"2024/01/29","17:12","8.615","-","10.28"
"2024/01/29","17:18","8.716","-","10.42"
"2024/01/29","17:24","8.807","-","10.52"
"2024/01/29","17:30","8.888","-","10.6"
"2024/01/29","17:36","8.96","-","10.71"
"2024/01/29","17:42","9.022","-","10.78"
"2024/01/29","17:48","9.075","-","10.84"
"2024/01/29","17:54","9.117","-","10.9"
"2024/01/29","18:00","9.15","-","10.92"
"2024/01/29","18:06","9.173","-","10.93"
"2024/01/29","18:12","9.186","-","10.96"
"2024/01/29","18:18","9.189","-","10.94"
"2024/01/29","18:24","9.182","-","10.94"
"2024/01/29","18:30","9.165","-","10.9"
"2024/01/29","18:36","9.138","-","10.86"
"2024/01/29","18:42","9.102","-","10.85"
"2024/01/29","18:48","9.055","-","10.81"
"2024/01/29","18:54","8.998","-","10.75"
"2024/01/29","19:00","8.931","-","10.7"
"2024/01/29","19:06","8.854","-","10.62"
"2024/01/29","19:12","8.767","-","10.54"
"2024/01/29","19:18","8.671","-","10.47"
"2024/01/29","19:24","8.565","-","10.39"
"2024/01/29","19:30","8.45","-","10.28"
"2024/01/29","19:36","8.325","-","10.16"
"2024/01/29","19:42","8.191","-","10.04"
"2024/01/29","19:48","8.048","-","9.9"
"2024/01/29","19:54","7.897","-","9.76"
"2024/01/29","20:00","7.738","-","9.62"
"2024/01/29","20:06","7.57","-","9.45"
"2024/01/29","20:12","7.395","-","9.29"
"2024/01/29","20:18","7.213","-","9.07"
"2024/01/29","20:24","7.025","-","8.89"
"2024/01/29","20:30","6.83","-","8.66"
"2024/01/29","20:36","6.629","-","8.45"
"2024/01/29","20:42","6.423","-","8.24"
"2024/01/29","20:48","6.212","-","8.01"
"2024/01/29","20:54","5.997","-","7.77"
"2024/01/29","21:00","5.778","-","7.52"
"2024/01/29","21:06","5.557","-","7.26"
"2024/01/29","21:12","5.333","-","7.03"
"2024/01/29","21:18","5.107","-","6.77"
"2024/01/29","21:24","4.879","-","6.58"
"2024/01/29","21:30","4.651","-","6.35"
"2024/01/29","21:36","4.423","-","6.11"
"2024/01/29","21:42","4.196","-","5.88"
"2024/01/29","21:48","3.97","-","5.67"
"2024/01/29","21:54","3.746","-","5.47"
"2024/01/29","22:00","3.524","-","5.26"
"2024/01/29","22:06","3.306","-","5.09"
"2024/01/29","22:12","3.091","-","4.9"
"2024/01/29","22:18","2.881","-","4.71"
"2024/01/29","22:24","2.676","-","4.53"
"2024/01/29","22:30","2.476","-","4.33"
"2024/01/29","22:36","2.283","-","4.15"
"2024/01/29","22:42","2.097","-","3.98"
"2024/01/29","22:48","1.918","-","3.8"
"2024/01/29","22:54","1.747","-","3.6"
"2024/01/29","23:00","1.584","-","3.45"
"2024/01/29","23:06","1.43","-","3.29"
"2024/01/29","23:12","1.286","-","3.14"
"2024/01/29","23:18","1.151","-","3.02"
"2024/01/29","23:24","1.025","-","2.88"
"2024/01/29","23:30","0.91","-","2.77"
"2024/01/29","23:36","0.806","-","2.66"
"2024/01/29","23:42","0.712","-","2.55"
"2024/01/29","23:48","0.628","-","2.47"
"2024/01/29","23:54","0.556","-","2.41"
"2024/01/30","00:00","0.494","-","2.34"
"2024/01/30","00:06","0.443","-","2.27"
"2024/01/30","00:12","0.404","-","2.23"
"2024/01/30","00:18","0.375","-","2.21"
"2024/01/30","00:24","0.356","-","2.19"
"2024/01/30","00:30","0.349","-","2.15"
"2024/01/30","00:36","0.352","-","2.13"
"2024/01/30","00:42","0.365","-","2.16"
"2024/01/30","00:48","0.389","-","2.18"
"2024/01/30","00:54","0.422","-","2.23"
"2024/01/30","01:00","0.466","-","2.27"
"2024/01/30","01:06","0.519","-","2.32"
"2024/01/30","01:12","0.582","-","2.39"
"2024/01/30","01:18","0.654","-","2.46"
"2024/01/30","01:24","0.735","-","2.51"
"2024/01/30","01:30","0.825","-","2.6"
"2024/01/30","01:36","0.925","-","2.67"
"2024/01/30","01:42","1.033","-","2.77"
"2024/01/30","01:48","1.149","-","2.9"
"2024/01/30","01:54","1.275","-","3.03"
"2024/01/30","02:00","1.408","-","3.11"
"2024/01/30","02:06","1.55","-","3.24"
"2024/01/30","02:12","1.699","-","3.37"
"2024/01/30","02:18","1.856","-","3.52"
"2024/01/30","02:24","2.02","-","3.65"
"2024/01/30","02:30","2.192","-","3.84"
"2024/01/30","02:36","2.37","-","4.03"
"2024/01/30","02:42","2.555","-","4.2"
"2024/01/30","02:48","2.746","-","4.39"
"2024/01/30","02:54","2.942","-","4.57"
"2024/01/30","03:00","3.143","-","4.78"
"2024/01/30","03:06","3.349","-","4.98"
"2024/01/30","03:12","3.559","-","5.18"
"2024/01/30","03:18","3.773","-","5.41"
"2024/01/30","03:24","3.988","-","5.64"
"2024/01/30","03:30","4.207","-","5.86"
"2024/01/30","03:36","4.426","-","6.07"
"2024/01/30","03:42","4.646","-","6.27"
"2024/01/30","03:48","4.866","-","6.47"
"2024/01/30","03:54","5.084","-","6.66"
"2024/01/30","04:00","5.302","-","6.87"
"2024/01/30","04:06","5.516","-","7.08"
"2024/01/30","04:12","5.728","-","7.28"
"2024/01/30","04:18","5.936","-","7.46"
"2024/01/30","04:24","6.139","-","7.69"
"2024/01/30","04:30","6.338","-","7.85"
"2024/01/30","04:36","6.53","-","8.02"
"2024/01/30","04:42","6.717","-","8.2"
"2024/01/30","04:48","6.896","-","8.38"
"2024/01/30","04:54","7.069","-","8.58"
"2024/01/30","05:00","7.234","-","8.73"
"2024/01/30","05:06","7.391","-","8.88"
"2024/01/30","05:12","7.539","-","9.01"
"2024/01/30","05:18","7.679","-","9.15"
"2024/01/30","05:24","7.811","-","9.27"
"2024/01/30","05:30","7.933","-","9.4"
"2024/01/30","05:36","8.047","-","9.51"
"2024/01/30","05:42","8.151","-","9.63"
"2024/01/30","05:48","8.246","-","9.72"
"2024/01/30","05:54","8.332","-","9.84"
"2024/01/30","06:00","8.408","-","9.89"
"2024/01/30","06:06","8.475","-","9.97"
"2024/01/30","06:12","8.533","-","10.03"
"2024/01/30","06:18","8.581","-","10.09"
"2024/01/30","06:24","8.62","-","10.13"
"2024/01/30","06:30","8.65","-","10.18"
"2024/01/30","06:36","8.67","-","10.17"
"2024/01/30","06:42","8.68","-","10.19"
"2024/01/30","06:48","8.681","-","10.17"
"2024/01/30","06:54","8.673","-","10.15"
"2024/01/30","07:00","8.655","-","10.13"
"2024/01/30","07:06","8.628","-","10.09"
"2024/01/30","07:12","8.592","-","10.06"
"2024/01/30","07:18","8.546","-","10.01"
"2024/01/30","07:24","8.49","-","9.94"
"2024/01/30","07:30","8.426","-","9.88"
"2024/01/30","07:36","8.352","-","9.83"
"2024/01/30","07:42","8.269","-","9.75"
"2024/01/30","07:48","8.177","-","9.68"
"2024/01/30","07:54","8.076","-","9.6"
"2024/01/30","08:00","7.966","-","9.5"
"2024/01/30","08:06","7.847","-","9.38"
"2024/01/30","08:12","7.72","-","9.26"
"2024/01/30","08:18","7.585","-","9.12"
"2024/01/30","08:24","7.443","-","8.96"
"2024/01/30","08:30","7.293","-","8.79"
"2024/01/30","08:36","7.135","-","8.62"
"2024/01/30","08:42","6.971","-","8.44"
"2024/01/30","08:48","6.801","-","8.27"
"2024/01/30","08:54","6.624","-","8.07"
"2024/01/30","09:00","6.443","-","7.85"
"2024/01/30","09:06","6.256","-","7.66"
"2024/01/30","09:12","6.065","-","7.45"
"2024/01/30","09:18","5.87","-","7.24"
"2024/01/30","09:24","5.671","-","7.05"
"2024/01/30","09:30","5.47","-","6.87"
"2024/01/30","09:36","5.267","-","6.63"
"2024/01/30","09:42","5.062","-","6.4"
"2024/01/30","09:48","4.856","-","6.21"
"2024/01/30","09:54","4.649","-","5.98"
"2024/01/30","10:00","4.443","-","5.78"
"2024/01/30","10:06","4.238","-","5.57"
"2024/01/30","10:12","4.034","-","5.42"
"2024/01/30","10:18","3.833","-","5.21"
"2024/01/30","10:24","3.634","-","5.03"
"2024/01/30","10:30","3.438","-","4.83"
"2024/01/30","10:36","3.247","-","4.65"
"2024/01/30","10:42","3.06","-","4.46"
"2024/01/30","10:48","2.878","-","4.27"
"2024/01/30","10:54","2.703","-","4.1"
"2024/01/30","11:00","2.533","-","3.9"
"2024/01/30","11:06","2.371","-","3.74"
"2024/01/30","11:12","2.216","-","3.57"
"2024/01/30","11:18","2.068","-","3.41"
"2024/01/30","11:24","1.929","-","3.3"
"2024/01/30","11:30","1.799","-","3.15"
"2024/01/30","11:36","1.678","-","3.02"
"2024/01/30","11:42","1.566","-","2.9"
"2024/01/30","11:48","1.464","-","2.79"
"2024/01/30","11:54","1.372","-","2.73"
"2024/01/30","12:00","1.29","-","2.65"
"2024/01/30","12:06","1.218","-","2.56"
"2024/01/30","12:12","1.157","-","2.52"
"2024/01/30","12:18","1.106","-","2.43"
"2024/01/30","12:24","1.065","-","2.39"
"2024/01/30","12:30","1.035","-","2.36"
"2024/01/30","12:36","1.015","-","2.32"
"2024/01/30","12:42","1.005","-","2.32"
"2024/01/30","12:48","1.005","-","2.32"
"2024/01/30","12:54","1.016","-","2.33"
"2024/01/30","13:00","1.035","-","2.37"
"2024/01/30","13:06","1.065","-","2.41"
"2024/01/30","13:12","1.104","-","2.5"
"2024/01/30","13:18","1.152","-","2.55"
"2024/01/30","13:24","1.209","-","2.61"
"2024/01/30","13:30","1.275","-","2.65"
"2024/01/30","13:36","1.349","-","2.75"
"2024/01/30","13:42","1.432","-","2.84"
"2024/01/30","13:48","1.523","-","2.9"
"2024/01/30","13:54","1.623","-","3.01"
"2024/01/30","14:00","1.73","-","3.12"
"2024/01/30","14:06","1.845","-","3.2"
"2024/01/30","14:12","1.968","-","3.31"
"2024/01/30","14:18","2.098","-","3.44"
"2024/01/30","14:24","2.235","-","3.56"
"2024/01/30","14:30","2.38","-","3.68"
"2024/01/30","14:36","2.531","-","3.81"
"2024/01/30","14:42","2.689","-","3.94"
"2024/01/30","14:48","2.854","-","4.12"
"2024/01/30","14:54","3.024","-","4.24"
"2024/01/30","15:00","3.201","-","4.39"
"2024/01/30","15:06","3.383","-","4.55"
"2024/01/30","15:12","3.57","-","4.72"
"2024/01/30","15:18","3.762","-","4.87"
"2024/01/30","15:24","3.958","-","5.05"
"2024/01/30","15:30","4.158","-","5.26"
"2024/01/30","15:36","4.36","-","5.46"
"2024/01/30","15:42","4.566","-","5.67"
"2024/01/30","15:48","4.773","-","5.86"
"2024/01/30","15:54","4.981","-","6.1"
"2024/01/30","16:00","5.19","-","6.3"
"2024/01/30","16:06","5.398","-","6.5"
"2024/01/30","16:12","5.606","-","6.71"
"2024/01/30","16:18","5.812","-","6.91"
"2024/01/30","16:24","6.015","-","7.14"
"2024/01/30","16:30","6.215","-","7.32"
"2024/01/30","16:36","6.412","-","7.51"
"2024/01/30","16:42","6.604","-","7.68"
"2024/01/30","16:48","6.79","-","7.85"
"2024/01/30","16:54","6.971","-","7.99"
"2024/01/30","17:00","7.145","-","8.18"
"2024/01/30","17:06","7.313","-","8.33"
"2024/01/30","17:12","7.473","-","8.46"
"2024/01/30","17:18","7.625","-","8.62"
"2024/01/30","17:24","7.769","-","8.77"
"2024/01/30","17:30","7.904","-","8.87"
"2024/01/30","17:36","8.031","-","8.99"
"2024/01/30","17:42","8.149","-","9.11"
"2024/01/30","17:48","8.258","-","9.21"
"2024/01/30","17:54","8.357","-","9.31"
"2024/01/30","18:00","8.447","-","9.36"
"2024/01/30","18:06","8.528","-","9.45"
"2024/01/30","18:12","8.599","-","9.53"
"2024/01/30","18:18","8.66","-","9.59"
"2024/01/30","18:24","8.713","-","9.64"
"2024/01/30","18:30","8.755","-","9.73"
"2024/01/30","18:36","8.789","-","9.74"
"2024/01/30","18:42","8.813","-","9.79"
"2024/01/30","18:48","8.828","-","9.83"
"2024/01/30","18:54","8.833","-","9.85"
"2024/01/30","19:00","8.829","-","9.86"
"2024/01/30","19:06","8.816","-","9.86"
"2024/01/30","19:12","8.794","-","9.84"
"2024/01/30","19:18","8.763","-","9.82"
"2024/01/30","19:24","8.723","-","9.74"
"2024/01/30","19:30","8.673","-","9.69"
"2024/01/30","19:36","8.615","-","9.64"
"2024/01/30","19:42","8.547","-","9.59"
"2024/01/30","19:48","8.471","-","9.46"
"2024/01/30","19:54","8.385","-","9.36"
"2024/01/30","20:00","8.291","-","9.25"
"2024/01/30","20:06","8.188","-","9.15"
"2024/01/30","20:12","8.076","-","9.03"
"2024/01/30","20:18","7.956","-","8.9"
"2024/01/30","20:24","7.828","-","8.74"
"2024/01/30","20:30","7.691","-","8.57"
"2024/01/30","20:36","7.547","-","8.42"
"2024/01/30","20:42","7.395","-","8.27"
"2024/01/30","20:48","7.235","-","8.13"
"2024/01/30","20:54","7.069","-","7.96"
"2024/01/30","21:00","6.896","-","7.79"
"2024/01/30","21:06","6.717","-","7.6"
"2024/01/30","21:12","6.532","-","7.44"
"2024/01/30","21:18","6.341","-","7.26"
"2024/01/30","21:24","6.146","-","7.09"
"2024/01/30","21:30","5.946","-","6.89"
"2024/01/30","21:36","5.742","-","6.69"
"2024/01/30","21:42","5.535","-","6.5"
"2024/01/30","21:48","5.326","-","6.3"
"2024/01/30","21:54","5.114","-","6.11"
"2024/01/30","22:00","4.9","-","5.9"
"2024/01/30","22:06","4.686","-","5.67"
"2024/01/30","22:12","4.471","-","5.47"
"2024/01/30","22:18","4.256","-","5.28"
"2024/01/30","22:24","4.043","-","5.07"
"2024/01/30","22:30","3.831","-","4.89"
"2024/01/30","22:36","3.621","-","4.72"
"2024/01/30","22:42","3.414","-","4.5"
"2024/01/30","22:48","3.21","-","4.31"
"2024/01/30","22:54","3.011","-","4.09"
"2024/01/30","23:00","2.816","-","3.9"
"2024/01/30","23:06","2.627","-","3.72"
"2024/01/30","23:12","2.443","-","3.54"
"2024/01/30","23:18","2.266","-","3.37"
"2024/01/30","23:24","2.095","-","3.21"
"2024/01/30","23:30","1.933","-","3.03"
"2024/01/30","23:36","1.778","-","2.89"
"2024/01/30","23:42","1.632","-","2.73"
"2024/01/30","23:48","1.494","-","2.62"
"2024/01/30","23:54","1.366","-","2.51"
"2024/01/31","00:00","1.247","-","2.38"
"2024/01/31","00:06","1.138","-","2.29"
"2024/01/31","00:12","1.039","-","2.2"
"2024/01/31","00:18","0.95","-","2.13"
"2024/01/31","00:24","0.872","-","2.07"
"2024/01/31","00:30","0.804","-","2"
"2024/01/31","00:36","0.747","-","1.98"
"2024/01/31","00:42","0.7","-","1.94"
"2024/01/31","00:48","0.664","-","1.89"
"2024/01/31","00:54","0.638","-","1.84"
"2024/01/31","01:00","0.623","-","1.81"
"2024/01/31","01:06","0.618","-","1.78"
"2024/01/31","01:12","0.623","-","1.79"
"2024/01/31","01:18","0.639","-","1.77"
"2024/01/31","01:24","0.664","-","1.8"
"2024/01/31","01:30","0.698","-","1.83"
"2024/01/31","01:36","0.742","-","1.84"
"2024/01/31","01:42","0.795","-","1.9"
"2024/01/31","01:48","0.857","-","1.95"
"2024/01/31","01:54","0.928","-","2.02"
"2024/01/31","02:00","1.008","-","2.09"
"2024/01/31","02:06","1.096","-","2.13"
"2024/01/31","02:12","1.192","-","2.24"
"2024/01/31","02:18","1.296","-","2.35"
"2024/01/31","02:24","1.408","-","2.46"
"2024/01/31","02:30","1.528","-","2.58"
"2024/01/31","02:36","1.655","-","2.7"
"2024/01/31","02:42","1.79","-","2.8"
"2024/01/31","02:48","1.932","-","2.95"
"2024/01/31","02:54","2.081","-","3.08"
"2024/01/31","03:00","2.237","-","3.22"
"2024/01/31","03:06","2.399","-","3.4"
"2024/01/31","03:12","2.568","-","3.55"
"2024/01/31","03:18","2.743","-","3.73"
"2024/01/31","03:24","2.923","-","3.91"
"2024/01/31","03:30","3.109","-","4.09"
"2024/01/31","03:36","3.3","-","4.3"
"2024/01/31","03:42","3.496","-","4.49"
"2024/01/31","03:48","3.696","-","4.71"
"2024/01/31","03:54","3.899","-","4.91"
"2024/01/31","04:00","4.105","-","5.1"
"2024/01/31","04:06","4.313","-","5.31"
"2024/01/31","04:12","4.524","-","5.53"
"2024/01/31","04:18","4.735","-","5.73"
"2024/01/31","04:24","4.946","-","5.93"
"2024/01/31","04:30","5.158","-","6.13"
"2024/01/31","04:36","5.368","-","6.32"
"2024/01/31","04:42","5.576","-","6.52"
"2024/01/31","04:48","5.782","-","6.72"
"2024/01/31","04:54","5.984","-","6.9"
"2024/01/31","05:00","6.182","-","7.09"
"2024/01/31","05:06","6.376","-","7.27"
"2024/01/31","05:12","6.564","-","7.45"
"2024/01/31","05:18","6.747","-","7.62"
"2024/01/31","05:24","6.922","-","7.81"
"2024/01/31","05:30","7.091","-","7.97"
"2024/01/31","05:36","7.253","-","8.12"
"2024/01/31","05:42","7.406","-","8.24"
"2024/01/31","05:48","7.552","-","8.38"
"2024/01/31","05:54","7.689","-","8.54"
"2024/01/31","06:00","7.817","-","8.64"
"2024/01/31","06:06","7.936","-","8.78"
"2024/01/31","06:12","8.047","-","8.85"
"2024/01/31","06:18","8.148","-","8.95"
"2024/01/31","06:24","8.239","-","9.01"
"2024/01/31","06:30","8.322","-","9.1"
"2024/01/31","06:36","8.395","-","9.15"
"2024/01/31","06:42","8.459","-","9.21"
"2024/01/31","06:48","8.514","-","9.25"
"2024/01/31","06:54","8.56","-","9.31"
"2024/01/31","07:00","8.597","-","9.35"
"2024/01/31","07:06","8.624","-","9.4"
"2024/01/31","07:12","8.643","-","9.4"
"2024/01/31","07:18","8.653","-","9.4"
"2024/01/31","07:24","8.654","-","9.41"
"2024/01/31","07:30","8.646","-","9.4"
"2024/01/31","07:36","8.629","-","9.39"
"2024/01/31","07:42","8.603","-","9.4"
"2024/01/31","07:48","8.569","-","9.4"
"2024/01/31","07:54","8.526","-","9.33"
"2024/01/31","08:00","8.474","-","9.25"
"2024/01/31","08:06","8.413","-","9.2"
"2024/01/31","08:12","8.344","-","9.12"
"2024/01/31","08:18","8.267","-","9.05"
"2024/01/31","08:24","8.181","-","8.99"
"2024/01/31","08:30","8.086","-","8.89"
"2024/01/31","08:36","7.983","-","8.76"
"2024/01/31","08:42","7.872","-","8.65"
"2024/01/31","08:48","7.753","-","8.54"
"2024/01/31","08:54","7.626","-","8.41"
"2024/01/31","09:00","7.492","-","8.28"
"2024/01/31","09:06","7.35","-","8.15"
"2024/01/31","09:12","7.201","-","8"
"2024/01/31","09:18","7.045","-","7.83"
"2024/01/31","09:24","6.883","-","7.67"
"2024/01/31","09:30","6.715","-","7.48"
"2024/01/31","09:36","6.541","-","7.28"
"2024/01/31","09:42","6.362","-","7.08"
"2024/01/31","09:48","6.179","-","6.89"
"2024/01/31","09:54","5.991","-","6.67"
"2024/01/31","10:00","5.8","-","6.48"
"2024/01/31","10:06","5.605","-","6.28"
"2024/01/31","10:12","5.408","-","6.08"
"2024/01/31","10:18","5.209","-","5.85"
"2024/01/31","10:24","5.009","-","5.66"
"2024/01/31","10:30","4.808","-","5.45"
"2024/01/31","10:36","4.607","-","5.24"
"2024/01/31","10:42","4.407","-","5.05"
"2024/01/31","10:48","4.207","-","4.84"
"2024/01/31","10:54","4.009","-","4.65"
"2024/01/31","11:00","3.814","-","4.44"
"2024/01/31","11:06","3.622","-","4.25"
"2024/01/31","11:12","3.433","-","4.04"
"2024/01/31","11:18","3.248","-","3.88"
"2024/01/31","11:24","3.068","-","3.69"
"2024/01/31","11:30","2.893","-","3.52"
"2024/01/31","11:36","2.724","-","3.36"
"2024/01/31","11:42","2.561","-","3.18"
"2024/01/31","11:48","2.405","-","3.02"
"2024/01/31","11:54","2.257","-","2.87"
"2024/01/31","12:00","2.116","-","2.72"
"2024/01/31","12:06","1.984","-","2.6"
"2024/01/31","12:12","1.859","-","2.5"
"2024/01/31","12:18","1.744","-","2.37"
"2024/01/31","12:24","1.638","-","2.29"
"2024/01/31","12:30","1.541","-","2.17"
"2024/01/31","12:36","1.454","-","2.08"
"2024/01/31","12:42","1.377","-","2"
"2024/01/31","12:48","1.309","-","1.95"
"2024/01/31","12:54","1.251","-","1.92"
"2024/01/31","13:00","1.204","-","1.89"
"2024/01/31","13:06","1.166","-","1.86"
"2024/01/31","13:12","1.138","-","1.82"
"2024/01/31","13:18","1.12","-","1.8"
"2024/01/31","13:24","1.112","-","1.79"
"2024/01/31","13:30","1.113","-","1.78"
"2024/01/31","13:36","1.124","-","1.8"
"2024/01/31","13:42","1.144","-","1.81"
"2024/01/31","13:48","1.173","-","1.86"
"2024/01/31","13:54","1.211","-","1.91"
"2024/01/31","14:00","1.258","-","1.93"
"2024/01/31","14:06","1.313","-","1.98"
"2024/01/31","14:12","1.376","-","2.05"
"2024/01/31","14:18","1.447","-","2.11"
"2024/01/31","14:24","1.526","-","2.22"
"2024/01/31","14:30","1.613","-","2.32"
"2024/01/31","14:36","1.708","-","2.43"
"2024/01/31","14:42","1.809","-","2.54"
"2024/01/31","14:48","1.918","-","2.64"
"2024/01/31","14:54","2.034","-","2.77"
"2024/01/31","15:00","2.156","-","2.88"
"2024/01/31","15:06","2.286","-","3.01"
"2024/01/31","15:12","2.422","-","3.16"
"2024/01/31","15:18","2.564","-","3.3"
"2024/01/31","15:24","2.712","-","3.47"
"2024/01/31","15:30","2.866","-","3.64"
"2024/01/31","15:36","3.026","-","3.78"
"2024/01/31","15:42","3.191","-","3.96"
"2024/01/31","15:48","3.361","-","4.14"
"2024/01/31","15:54","3.536","-","4.31"
"2024/01/31","16:00","3.715","-","4.49"
"2024/01/31","16:06","3.899","-","4.69"
"2024/01/31","16:12","4.085","-","4.89"
"2024/01/31","16:18","4.275","-","5.07"
"2024/01/31","16:24","4.467","-","5.26"
"2024/01/31","16:30","4.661","-","5.47"
"2024/01/31","16:36","4.856","-","5.66"
"2024/01/31","16:42","5.051","-","5.87"
"2024/01/31","16:48","5.247","-","6.05"
"2024/01/31","16:54","5.441","-","6.25"
"2024/01/31","17:00","5.634","-","6.42"
"2024/01/31","17:06","5.825","-","6.64"
"2024/01/31","17:12","6.013","-","6.83"
"2024/01/31","17:18","6.197","-","7.02"
"2024/01/31","17:24","6.377","-","7.19"
"2024/01/31","17:30","6.552","-","7.36"
"2024/01/31","17:36","6.721","-","7.55"
"2024/01/31","17:42","6.885","-","7.7"
"2024/01/31","17:48","7.041","-","7.9"
"2024/01/31","17:54","7.191","-","8.04"
"2024/01/31","18:00","7.333","-","8.17"
"2024/01/31","18:06","7.467","-","8.3"
"2024/01/31","18:12","7.593","-","8.46"
"2024/01/31","18:18","7.711","-","8.57"
"2024/01/31","18:24","7.82","-","8.68"
"2024/01/31","18:30","7.921","-","8.78"
"2024/01/31","18:36","8.012","-","8.88"
"2024/01/31","18:42","8.095","-","8.96"
"2024/01/31","18:48","8.168","-","9.03"
"2024/01/31","18:54","8.233","-","9.11"
"2024/01/31","19:00","8.289","-","9.14"
"2024/01/31","19:06","8.336","-","9.18"
"2024/01/31","19:12","8.374","-","9.22"
"2024/01/31","19:18","8.403","-","9.25"
"2024/01/31","19:24","8.423","-","9.24"
"2024/01/31","19:30","8.435","-","9.24"
"2024/01/31","19:36","8.439","-","9.23"
"2024/01/31","19:42","8.434","-","9.23"
"2024/01/31","19:48","8.42","-","9.24"
"2024/01/31","19:54","8.398","-","9.22"
"2024/01/31","20:00","8.368","-","9.19"
"2024/01/31","20:06","8.33","-","9.15"
"2024/01/31","20:12","8.283","-","9.1"
"2024/01/31","20:18","8.228","-","9.04"
"2024/01/31","20:24","8.165","-","8.99"
"2024/01/31","20:30","8.093","-","8.93"
"2024/01/31","20:36","8.014","-","8.83"
"2024/01/31","20:42","7.926","-","8.73"
"2024/01/31","20:48","7.831","-","8.63"
"2024/01/31","20:54","7.727","-","8.51"
"2024/01/31","21:00","7.616","-","8.38"
"2024/01/31","21:06","7.497","-","8.29"
"2024/01/31","21:12","7.37","-","8.18"
"2024/01/31","21:18","7.236","-","8.03"
"2024/01/31","21:24","7.095","-","7.89"
"2024/01/31","21:30","6.948","-","7.75"
"2024/01/31","21:36","6.793","-","7.58"
"2024/01/31","21:42","6.633","-","7.42"
"2024/01/31","21:48","6.466","-","7.25"
"2024/01/31","21:54","6.294","-","7.06"
"2024/01/31","22:00","6.117","-","6.87"
"2024/01/31","22:06","5.936","-","6.65"
"2024/01/31","22:12","5.75","-","6.45"
"2024/01/31","22:18","5.561","-","6.25"
"2024/01/31","22:24","5.369","-","6.05"
"2024/01/31","22:30","5.174","-","5.85"
"2024/01/31","22:36","4.977","-","5.66"
"2024/01/31","22:42","4.78","-","5.43"
"2024/01/31","22:48","4.581","-","5.22"
"2024/01/31","22:54","4.382","-","5.02"
"2024/01/31","23:00","4.184","-","4.84"
"2024/01/31","23:06","3.987","-","4.67"
"2024/01/31","23:12","3.791","-","4.48"
"2024/01/31","23:18","3.598","-","4.27"
"2024/01/31","23:24","3.408","-","4.07"
"2024/01/31","23:30","3.221","-","3.86"
"2024/01/31","23:36","3.038","-","3.66"
"2024/01/31","23:42","2.86","-","3.47"
"2024/01/31","23:48","2.687","-","3.29"
"2024/01/31","23:54","2.519","-","3.12"